<?xml version="1.0" encoding="UTF-8"?>
<idempiere Name="GardenWorld_SampleData" Version="1.0.0">
  <a_asset action="insert">
    <isfullydepreciated>N</isfullydepreciated>
    <updatedby>100</updatedby>
    <m_product_id>200001</m_product_id>
    <isowned>Y</isowned>
    <ad_org_id>11</ad_org_id>
    <created>NOW()</created>
    <isactive>Y</isactive>
    <description>Ford F-150 for deliveries</description>
    <assetservicedate>2023-01-15</assetservicedate>
    <a_asset_group_id>50006</a_asset_group_id>
    <a_asset_id>1000001</a_asset_id>
    <createdby>100</createdby>
    <a_asset_uu>uuid_generate_v4()</a_asset_uu>
    <name>Delivery Truck #1</name>
    <ad_client_id>11</ad_client_id>
    <isdepreciated>N</isdepreciated>
    <updated>NOW()</updated>
    <value>VH-001</value>
  </a_asset>
  <a_asset action="insert">
    <isfullydepreciated>N</isfullydepreciated>
    <updatedby>100</updatedby>
    <m_product_id>200001</m_product_id>
    <isowned>Y</isowned>
    <ad_org_id>11</ad_org_id>
    <created>NOW()</created>
    <isactive>Y</isactive>
    <description>Toyota Forklift for warehouse</description>
    <assetservicedate>2022-06-01</assetservicedate>
    <a_asset_group_id>50006</a_asset_group_id>
    <a_asset_id>1000002</a_asset_id>
    <createdby>100</createdby>
    <a_asset_uu>uuid_generate_v4()</a_asset_uu>
    <name>Forklift #1</name>
    <ad_client_id>11</ad_client_id>
    <isdepreciated>N</isdepreciated>
    <updated>NOW()</updated>
    <value>VH-002</value>
  </a_asset>
  <a_asset action="insert">
    <isfullydepreciated>N</isfullydepreciated>
    <updatedby>100</updatedby>
    <m_product_id>200002</m_product_id>
    <isowned>Y</isowned>
    <ad_org_id>11</ad_org_id>
    <created>NOW()</created>
    <isactive>Y</isactive>
    <description>Industrial fertilizer mixing equipment</description>
    <assetservicedate>2021-03-20</assetservicedate>
    <a_asset_group_id>50007</a_asset_group_id>
    <a_asset_id>1000003</a_asset_id>
    <createdby>100</createdby>
    <a_asset_uu>uuid_generate_v4()</a_asset_uu>
    <name>Fertilizer Mixer</name>
    <ad_client_id>11</ad_client_id>
    <isdepreciated>N</isdepreciated>
    <updated>NOW()</updated>
    <value>EQ-001</value>
  </a_asset>
  <a_asset action="insert">
    <isfullydepreciated>N</isfullydepreciated>
    <updatedby>100</updatedby>
    <m_product_id>200002</m_product_id>
    <isowned>Y</isowned>
    <ad_org_id>11</ad_org_id>
    <created>NOW()</created>
    <isactive>Y</isactive>
    <description>Main warehouse conveyor belt</description>
    <assetservicedate>2020-11-10</assetservicedate>
    <a_asset_group_id>50007</a_asset_group_id>
    <a_asset_id>1000004</a_asset_id>
    <createdby>100</createdby>
    <a_asset_uu>uuid_generate_v4()</a_asset_uu>
    <name>Conveyor Belt #1</name>
    <ad_client_id>11</ad_client_id>
    <isdepreciated>N</isdepreciated>
    <updated>NOW()</updated>
    <value>EQ-002</value>
  </a_asset>
  <mp_assetmeter action="insert">
    <updatedby>100</updatedby>
    <ad_org_id>11</ad_org_id>
    <created>NOW()</created>
    <isactive>Y</isactive>
    <amt>45000</amt>
    <datetrx>NOW()</datetrx>
    <a_asset_id>1000001</a_asset_id>
    <mp_assetmeter_uu>uuid_generate_v4()</mp_assetmeter_uu>
    <createdby>100</createdby>
    <name>Truck #1 Odometer</name>
    <mp_assetmeter_id>1000001</mp_assetmeter_id>
    <ad_client_id>11</ad_client_id>
    <updated>NOW()</updated>
    <value>VH001-KM</value>
    <mp_meter_id>1000001</mp_meter_id>
  </mp_assetmeter>
  <mp_assetmeter action="insert">
    <updatedby>100</updatedby>
    <ad_org_id>11</ad_org_id>
    <created>NOW()</created>
    <isactive>Y</isactive>
    <amt>1200</amt>
    <datetrx>NOW()</datetrx>
    <a_asset_id>1000002</a_asset_id>
    <mp_assetmeter_uu>uuid_generate_v4()</mp_assetmeter_uu>
    <createdby>100</createdby>
    <name>Forklift #1 Hours</name>
    <mp_assetmeter_id>1000002</mp_assetmeter_id>
    <ad_client_id>11</ad_client_id>
    <updated>NOW()</updated>
    <value>VH002-HRS</value>
    <mp_meter_id>1000002</mp_meter_id>
  </mp_assetmeter>
  <mp_assetmeter action="insert">
    <updatedby>100</updatedby>
    <ad_org_id>11</ad_org_id>
    <created>NOW()</created>
    <isactive>Y</isactive>
    <amt>5600</amt>
    <datetrx>NOW()</datetrx>
    <a_asset_id>1000003</a_asset_id>
    <mp_assetmeter_uu>uuid_generate_v4()</mp_assetmeter_uu>
    <createdby>100</createdby>
    <name>Mixer Op. Hours</name>
    <mp_assetmeter_id>1000003</mp_assetmeter_id>
    <ad_client_id>11</ad_client_id>
    <updated>NOW()</updated>
    <value>EQ001-HRS</value>
    <mp_meter_id>1000002</mp_meter_id>
  </mp_assetmeter>
  <mp_assetmeter action="insert">
    <updatedby>100</updatedby>
    <ad_org_id>11</ad_org_id>
    <created>NOW()</created>
    <isactive>Y</isactive>
    <amt>8500</amt>
    <datetrx>NOW()</datetrx>
    <a_asset_id>1000004</a_asset_id>
    <mp_assetmeter_uu>uuid_generate_v4()</mp_assetmeter_uu>
    <createdby>100</createdby>
    <name>Conveyor Hours</name>
    <mp_assetmeter_id>1000004</mp_assetmeter_id>
    <ad_client_id>11</ad_client_id>
    <updated>NOW()</updated>
    <value>EQ002-HRS</value>
    <mp_meter_id>1000002</mp_meter_id>
  </mp_assetmeter>
  <mp_assetmeter_log action="insert">
    <updatedby>100</updatedby>
    <ad_org_id>11</ad_org_id>
    <created>NOW()</created>
    <isactive>Y</isactive>
    <amt>500</amt>
    <description>Weekly reading</description>
    <datetrx>2025-11-01</datetrx>
    <createdby>100</createdby>
    <currentamt>40500</currentamt>
    <mp_assetmeter_log_uu>uuid_generate_v4()</mp_assetmeter_log_uu>
    <ad_client_id>11</ad_client_id>
    <mp_assetmeter_id>1000001</mp_assetmeter_id>
    <mp_assetmeter_log_id>1000001</mp_assetmeter_log_id>
    <updated>NOW()</updated>
  </mp_assetmeter_log>
  <mp_assetmeter_log action="insert">
    <updatedby>100</updatedby>
    <ad_org_id>11</ad_org_id>
    <created>NOW()</created>
    <isactive>Y</isactive>
    <amt>520</amt>
    <description>Weekly reading</description>
    <datetrx>2025-11-08</datetrx>
    <createdby>100</createdby>
    <currentamt>41020</currentamt>
    <mp_assetmeter_log_uu>uuid_generate_v4()</mp_assetmeter_log_uu>
    <ad_client_id>11</ad_client_id>
    <mp_assetmeter_id>1000001</mp_assetmeter_id>
    <mp_assetmeter_log_id>1000002</mp_assetmeter_log_id>
    <updated>NOW()</updated>
  </mp_assetmeter_log>
  <mp_assetmeter_log action="insert">
    <updatedby>100</updatedby>
    <ad_org_id>11</ad_org_id>
    <created>NOW()</created>
    <isactive>Y</isactive>
    <amt>480</amt>
    <description>Weekly reading</description>
    <datetrx>2025-11-15</datetrx>
    <createdby>100</createdby>
    <currentamt>41500</currentamt>
    <mp_assetmeter_log_uu>uuid_generate_v4()</mp_assetmeter_log_uu>
    <ad_client_id>11</ad_client_id>
    <mp_assetmeter_id>1000001</mp_assetmeter_id>
    <mp_assetmeter_log_id>1000003</mp_assetmeter_log_id>
    <updated>NOW()</updated>
  </mp_assetmeter_log>
  <mp_assetmeter_log action="insert">
    <updatedby>100</updatedby>
    <ad_org_id>11</ad_org_id>
    <created>NOW()</created>
    <isactive>Y</isactive>
    <amt>510</amt>
    <description>Weekly reading</description>
    <datetrx>2025-11-22</datetrx>
    <createdby>100</createdby>
    <currentamt>42010</currentamt>
    <mp_assetmeter_log_uu>uuid_generate_v4()</mp_assetmeter_log_uu>
    <ad_client_id>11</ad_client_id>
    <mp_assetmeter_id>1000001</mp_assetmeter_id>
    <mp_assetmeter_log_id>1000004</mp_assetmeter_log_id>
    <updated>NOW()</updated>
  </mp_assetmeter_log>
  <mp_assetmeter_log action="insert">
    <updatedby>100</updatedby>
    <ad_org_id>11</ad_org_id>
    <created>NOW()</created>
    <isactive>Y</isactive>
    <amt>495</amt>
    <description>Weekly reading</description>
    <datetrx>2025-11-29</datetrx>
    <createdby>100</createdby>
    <currentamt>42505</currentamt>
    <mp_assetmeter_log_uu>uuid_generate_v4()</mp_assetmeter_log_uu>
    <ad_client_id>11</ad_client_id>
    <mp_assetmeter_id>1000001</mp_assetmeter_id>
    <mp_assetmeter_log_id>1000005</mp_assetmeter_log_id>
    <updated>NOW()</updated>
  </mp_assetmeter_log>
  <mp_assetmeter_log action="insert">
    <updatedby>100</updatedby>
    <ad_org_id>11</ad_org_id>
    <created>NOW()</created>
    <isactive>Y</isactive>
    <amt>530</amt>
    <description>Weekly reading</description>
    <datetrx>2025-12-06</datetrx>
    <createdby>100</createdby>
    <currentamt>43035</currentamt>
    <mp_assetmeter_log_uu>uuid_generate_v4()</mp_assetmeter_log_uu>
    <ad_client_id>11</ad_client_id>
    <mp_assetmeter_id>1000001</mp_assetmeter_id>
    <mp_assetmeter_log_id>1000006</mp_assetmeter_log_id>
    <updated>NOW()</updated>
  </mp_assetmeter_log>
  <mp_assetmeter_log action="insert">
    <updatedby>100</updatedby>
    <ad_org_id>11</ad_org_id>
    <created>NOW()</created>
    <isactive>Y</isactive>
    <amt>465</amt>
    <description>Weekly reading</description>
    <datetrx>2025-12-13</datetrx>
    <createdby>100</createdby>
    <currentamt>43500</currentamt>
    <mp_assetmeter_log_uu>uuid_generate_v4()</mp_assetmeter_log_uu>
    <ad_client_id>11</ad_client_id>
    <mp_assetmeter_id>1000001</mp_assetmeter_id>
    <mp_assetmeter_log_id>1000007</mp_assetmeter_log_id>
    <updated>NOW()</updated>
  </mp_assetmeter_log>
  <mp_assetmeter_log action="insert">
    <updatedby>100</updatedby>
    <ad_org_id>11</ad_org_id>
    <created>NOW()</created>
    <isactive>Y</isactive>
    <amt>500</amt>
    <description>Weekly reading</description>
    <datetrx>2025-12-20</datetrx>
    <createdby>100</createdby>
    <currentamt>44000</currentamt>
    <mp_assetmeter_log_uu>uuid_generate_v4()</mp_assetmeter_log_uu>
    <ad_client_id>11</ad_client_id>
    <mp_assetmeter_id>1000001</mp_assetmeter_id>
    <mp_assetmeter_log_id>1000008</mp_assetmeter_log_id>
    <updated>NOW()</updated>
  </mp_assetmeter_log>
  <mp_assetmeter_log action="insert">
    <updatedby>100</updatedby>
    <ad_org_id>11</ad_org_id>
    <created>NOW()</created>
    <isactive>Y</isactive>
    <amt>500</amt>
    <description>Weekly reading</description>
    <datetrx>2025-12-27</datetrx>
    <createdby>100</createdby>
    <currentamt>44500</currentamt>
    <mp_assetmeter_log_uu>uuid_generate_v4()</mp_assetmeter_log_uu>
    <ad_client_id>11</ad_client_id>
    <mp_assetmeter_id>1000001</mp_assetmeter_id>
    <mp_assetmeter_log_id>1000009</mp_assetmeter_log_id>
    <updated>NOW()</updated>
  </mp_assetmeter_log>
  <mp_assetmeter_log action="insert">
    <updatedby>100</updatedby>
    <ad_org_id>11</ad_org_id>
    <created>NOW()</created>
    <isactive>Y</isactive>
    <amt>500</amt>
    <description>Weekly reading</description>
    <datetrx>2026-01-03</datetrx>
    <createdby>100</createdby>
    <currentamt>45000</currentamt>
    <mp_assetmeter_log_uu>uuid_generate_v4()</mp_assetmeter_log_uu>
    <ad_client_id>11</ad_client_id>
    <mp_assetmeter_id>1000001</mp_assetmeter_id>
    <mp_assetmeter_log_id>1000010</mp_assetmeter_log_id>
    <updated>NOW()</updated>
  </mp_assetmeter_log>
  <mp_assetmeter_log action="insert">
    <updatedby>100</updatedby>
    <ad_org_id>11</ad_org_id>
    <created>NOW()</created>
    <isactive>Y</isactive>
    <amt>40</amt>
    <description>Weekly hours</description>
    <datetrx>2025-11-01</datetrx>
    <createdby>100</createdby>
    <currentamt>1040</currentamt>
    <mp_assetmeter_log_uu>uuid_generate_v4()</mp_assetmeter_log_uu>
    <ad_client_id>11</ad_client_id>
    <mp_assetmeter_id>1000002</mp_assetmeter_id>
    <mp_assetmeter_log_id>1000011</mp_assetmeter_log_id>
    <updated>NOW()</updated>
  </mp_assetmeter_log>
  <mp_assetmeter_log action="insert">
    <updatedby>100</updatedby>
    <ad_org_id>11</ad_org_id>
    <created>NOW()</created>
    <isactive>Y</isactive>
    <amt>45</amt>
    <description>Bi-weekly hours</description>
    <datetrx>2025-11-15</datetrx>
    <createdby>100</createdby>
    <currentamt>1085</currentamt>
    <mp_assetmeter_log_uu>uuid_generate_v4()</mp_assetmeter_log_uu>
    <ad_client_id>11</ad_client_id>
    <mp_assetmeter_id>1000002</mp_assetmeter_id>
    <mp_assetmeter_log_id>1000012</mp_assetmeter_log_id>
    <updated>NOW()</updated>
  </mp_assetmeter_log>
  <mp_assetmeter_log action="insert">
    <updatedby>100</updatedby>
    <ad_org_id>11</ad_org_id>
    <created>NOW()</created>
    <isactive>Y</isactive>
    <amt>50</amt>
    <description>Bi-weekly hours</description>
    <datetrx>2025-12-01</datetrx>
    <createdby>100</createdby>
    <currentamt>1135</currentamt>
    <mp_assetmeter_log_uu>uuid_generate_v4()</mp_assetmeter_log_uu>
    <ad_client_id>11</ad_client_id>
    <mp_assetmeter_id>1000002</mp_assetmeter_id>
    <mp_assetmeter_log_id>1000013</mp_assetmeter_log_id>
    <updated>NOW()</updated>
  </mp_assetmeter_log>
  <mp_assetmeter_log action="insert">
    <updatedby>100</updatedby>
    <ad_org_id>11</ad_org_id>
    <created>NOW()</created>
    <isactive>Y</isactive>
    <amt>35</amt>
    <description>Bi-weekly hours</description>
    <datetrx>2025-12-15</datetrx>
    <createdby>100</createdby>
    <currentamt>1170</currentamt>
    <mp_assetmeter_log_uu>uuid_generate_v4()</mp_assetmeter_log_uu>
    <ad_client_id>11</ad_client_id>
    <mp_assetmeter_id>1000002</mp_assetmeter_id>
    <mp_assetmeter_log_id>1000014</mp_assetmeter_log_id>
    <updated>NOW()</updated>
  </mp_assetmeter_log>
  <mp_assetmeter_log action="insert">
    <updatedby>100</updatedby>
    <ad_org_id>11</ad_org_id>
    <created>NOW()</created>
    <isactive>Y</isactive>
    <amt>30</amt>
    <description>Holiday period</description>
    <datetrx>2026-01-01</datetrx>
    <createdby>100</createdby>
    <currentamt>1200</currentamt>
    <mp_assetmeter_log_uu>uuid_generate_v4()</mp_assetmeter_log_uu>
    <ad_client_id>11</ad_client_id>
    <mp_assetmeter_id>1000002</mp_assetmeter_id>
    <mp_assetmeter_log_id>1000015</mp_assetmeter_log_id>
    <updated>NOW()</updated>
  </mp_assetmeter_log>
  <mp_assetmeter_log action="insert">
    <updatedby>100</updatedby>
    <ad_org_id>11</ad_org_id>
    <created>NOW()</created>
    <isactive>Y</isactive>
    <amt>100</amt>
    <description>Monthly reading</description>
    <datetrx>2025-11-01</datetrx>
    <createdby>100</createdby>
    <currentamt>5400</currentamt>
    <mp_assetmeter_log_uu>uuid_generate_v4()</mp_assetmeter_log_uu>
    <ad_client_id>11</ad_client_id>
    <mp_assetmeter_id>1000003</mp_assetmeter_id>
    <mp_assetmeter_log_id>1000016</mp_assetmeter_log_id>
    <updated>NOW()</updated>
  </mp_assetmeter_log>
  <mp_assetmeter_log action="insert">
    <updatedby>100</updatedby>
    <ad_org_id>11</ad_org_id>
    <created>NOW()</created>
    <isactive>Y</isactive>
    <amt>120</amt>
    <description>Monthly reading</description>
    <datetrx>2025-12-01</datetrx>
    <createdby>100</createdby>
    <currentamt>5520</currentamt>
    <mp_assetmeter_log_uu>uuid_generate_v4()</mp_assetmeter_log_uu>
    <ad_client_id>11</ad_client_id>
    <mp_assetmeter_id>1000003</mp_assetmeter_id>
    <mp_assetmeter_log_id>1000017</mp_assetmeter_log_id>
    <updated>NOW()</updated>
  </mp_assetmeter_log>
  <mp_assetmeter_log action="insert">
    <updatedby>100</updatedby>
    <ad_org_id>11</ad_org_id>
    <created>NOW()</created>
    <isactive>Y</isactive>
    <amt>80</amt>
    <description>Monthly reading</description>
    <datetrx>2026-01-01</datetrx>
    <createdby>100</createdby>
    <currentamt>5600</currentamt>
    <mp_assetmeter_log_uu>uuid_generate_v4()</mp_assetmeter_log_uu>
    <ad_client_id>11</ad_client_id>
    <mp_assetmeter_id>1000003</mp_assetmeter_id>
    <mp_assetmeter_log_id>1000018</mp_assetmeter_log_id>
    <updated>NOW()</updated>
  </mp_assetmeter_log>
  <mp_assetmeter_log action="insert">
    <updatedby>100</updatedby>
    <ad_org_id>11</ad_org_id>
    <created>NOW()</created>
    <isactive>Y</isactive>
    <amt>150</amt>
    <description>Monthly reading</description>
    <datetrx>2025-11-01</datetrx>
    <createdby>100</createdby>
    <currentamt>8200</currentamt>
    <mp_assetmeter_log_uu>uuid_generate_v4()</mp_assetmeter_log_uu>
    <ad_client_id>11</ad_client_id>
    <mp_assetmeter_id>1000004</mp_assetmeter_id>
    <mp_assetmeter_log_id>1000019</mp_assetmeter_log_id>
    <updated>NOW()</updated>
  </mp_assetmeter_log>
  <mp_assetmeter_log action="insert">
    <updatedby>100</updatedby>
    <ad_org_id>11</ad_org_id>
    <created>NOW()</created>
    <isactive>Y</isactive>
    <amt>180</amt>
    <description>Monthly reading</description>
    <datetrx>2025-12-01</datetrx>
    <createdby>100</createdby>
    <currentamt>8380</currentamt>
    <mp_assetmeter_log_uu>uuid_generate_v4()</mp_assetmeter_log_uu>
    <ad_client_id>11</ad_client_id>
    <mp_assetmeter_id>1000004</mp_assetmeter_id>
    <mp_assetmeter_log_id>1000020</mp_assetmeter_log_id>
    <updated>NOW()</updated>
  </mp_assetmeter_log>
  <mp_assetmeter_log action="insert">
    <updatedby>100</updatedby>
    <ad_org_id>11</ad_org_id>
    <created>NOW()</created>
    <isactive>Y</isactive>
    <amt>120</amt>
    <description>Monthly reading</description>
    <datetrx>2026-01-01</datetrx>
    <createdby>100</createdby>
    <currentamt>8500</currentamt>
    <mp_assetmeter_log_uu>uuid_generate_v4()</mp_assetmeter_log_uu>
    <ad_client_id>11</ad_client_id>
    <mp_assetmeter_id>1000004</mp_assetmeter_id>
    <mp_assetmeter_log_id>1000021</mp_assetmeter_log_id>
    <updated>NOW()</updated>
  </mp_assetmeter_log>
  <mp_jobstandar action="insert">
    <updatedby>100</updatedby>
    <ad_org_id>11</ad_org_id>
    <created>NOW()</created>
    <isactive>Y</isactive>
    <maintainarea>ME</maintainarea>
    <jobstandartype>PM</jobstandartype>
    <a_asset_group_id>50006</a_asset_group_id>
    <mp_jobstandar_uu>uuid_generate_v4()</mp_jobstandar_uu>
    <createdby>100</createdby>
    <name>Vehicle Oil Change</name>
    <ad_client_id>11</ad_client_id>
    <updated>NOW()</updated>
    <mp_jobstandar_id>1000001</mp_jobstandar_id>
  </mp_jobstandar>
  <mp_jobstandar action="insert">
    <updatedby>100</updatedby>
    <ad_org_id>11</ad_org_id>
    <created>NOW()</created>
    <isactive>Y</isactive>
    <maintainarea>ME</maintainarea>
    <jobstandartype>PM</jobstandartype>
    <a_asset_group_id>50006</a_asset_group_id>
    <mp_jobstandar_uu>uuid_generate_v4()</mp_jobstandar_uu>
    <createdby>100</createdby>
    <name>Vehicle Tire Inspection</name>
    <ad_client_id>11</ad_client_id>
    <updated>NOW()</updated>
    <mp_jobstandar_id>1000002</mp_jobstandar_id>
  </mp_jobstandar>
  <mp_jobstandar action="insert">
    <updatedby>100</updatedby>
    <ad_org_id>11</ad_org_id>
    <created>NOW()</created>
    <isactive>Y</isactive>
    <maintainarea>EL</maintainarea>
    <jobstandartype>PM</jobstandartype>
    <a_asset_group_id>50006</a_asset_group_id>
    <mp_jobstandar_uu>uuid_generate_v4()</mp_jobstandar_uu>
    <createdby>100</createdby>
    <name>Forklift Battery Check</name>
    <ad_client_id>11</ad_client_id>
    <updated>NOW()</updated>
    <mp_jobstandar_id>1000003</mp_jobstandar_id>
  </mp_jobstandar>
  <mp_jobstandar action="insert">
    <updatedby>100</updatedby>
    <ad_org_id>11</ad_org_id>
    <created>NOW()</created>
    <isactive>Y</isactive>
    <maintainarea>ME</maintainarea>
    <jobstandartype>PM</jobstandartype>
    <a_asset_group_id>50007</a_asset_group_id>
    <mp_jobstandar_uu>uuid_generate_v4()</mp_jobstandar_uu>
    <createdby>100</createdby>
    <name>Mixer Lubrication</name>
    <ad_client_id>11</ad_client_id>
    <updated>NOW()</updated>
    <mp_jobstandar_id>1000004</mp_jobstandar_id>
  </mp_jobstandar>
  <mp_jobstandar action="insert">
    <updatedby>100</updatedby>
    <ad_org_id>11</ad_org_id>
    <created>NOW()</created>
    <isactive>Y</isactive>
    <maintainarea>ME</maintainarea>
    <jobstandartype>PM</jobstandartype>
    <a_asset_group_id>50007</a_asset_group_id>
    <mp_jobstandar_uu>uuid_generate_v4()</mp_jobstandar_uu>
    <createdby>100</createdby>
    <name>Conveyor Belt Tension</name>
    <ad_client_id>11</ad_client_id>
    <updated>NOW()</updated>
    <mp_jobstandar_id>1000005</mp_jobstandar_id>
  </mp_jobstandar>
  <mp_jobstandar_task action="insert">
    <updatedby>100</updatedby>
    <ad_org_id>11</ad_org_id>
    <created>NOW()</created>
    <isactive>Y</isactive>
    <description>Drain old oil</description>
    <mp_jobstandar_task_uu>uuid_generate_v4()</mp_jobstandar_task_uu>
    <duration>0.5</duration>
    <createdby>100</createdby>
    <mp_jobstandar_task_id>1000001</mp_jobstandar_task_id>
    <c_uom_id>101</c_uom_id>
    <ad_client_id>11</ad_client_id>
    <updated>NOW()</updated>
    <mp_jobstandar_id>1000001</mp_jobstandar_id>
  </mp_jobstandar_task>
  <mp_jobstandar_task action="insert">
    <updatedby>100</updatedby>
    <ad_org_id>11</ad_org_id>
    <created>NOW()</created>
    <isactive>Y</isactive>
    <description>Replace oil filter</description>
    <mp_jobstandar_task_uu>uuid_generate_v4()</mp_jobstandar_task_uu>
    <duration>0.25</duration>
    <createdby>100</createdby>
    <mp_jobstandar_task_id>1000002</mp_jobstandar_task_id>
    <c_uom_id>101</c_uom_id>
    <ad_client_id>11</ad_client_id>
    <updated>NOW()</updated>
    <mp_jobstandar_id>1000001</mp_jobstandar_id>
  </mp_jobstandar_task>
  <mp_jobstandar_task action="insert">
    <updatedby>100</updatedby>
    <ad_org_id>11</ad_org_id>
    <created>NOW()</created>
    <isactive>Y</isactive>
    <description>Add new oil (5L)</description>
    <mp_jobstandar_task_uu>uuid_generate_v4()</mp_jobstandar_task_uu>
    <duration>0.25</duration>
    <createdby>100</createdby>
    <mp_jobstandar_task_id>1000003</mp_jobstandar_task_id>
    <c_uom_id>101</c_uom_id>
    <ad_client_id>11</ad_client_id>
    <updated>NOW()</updated>
    <mp_jobstandar_id>1000001</mp_jobstandar_id>
  </mp_jobstandar_task>
  <mp_jobstandar_task action="insert">
    <updatedby>100</updatedby>
    <ad_org_id>11</ad_org_id>
    <created>NOW()</created>
    <isactive>Y</isactive>
    <description>Check tire pressure all wheels</description>
    <mp_jobstandar_task_uu>uuid_generate_v4()</mp_jobstandar_task_uu>
    <duration>0.5</duration>
    <createdby>100</createdby>
    <mp_jobstandar_task_id>1000004</mp_jobstandar_task_id>
    <c_uom_id>101</c_uom_id>
    <ad_client_id>11</ad_client_id>
    <updated>NOW()</updated>
    <mp_jobstandar_id>1000002</mp_jobstandar_id>
  </mp_jobstandar_task>
  <mp_jobstandar_task action="insert">
    <updatedby>100</updatedby>
    <ad_org_id>11</ad_org_id>
    <created>NOW()</created>
    <isactive>Y</isactive>
    <description>Check tire wear pattern</description>
    <mp_jobstandar_task_uu>uuid_generate_v4()</mp_jobstandar_task_uu>
    <duration>0.25</duration>
    <createdby>100</createdby>
    <mp_jobstandar_task_id>1000005</mp_jobstandar_task_id>
    <c_uom_id>101</c_uom_id>
    <ad_client_id>11</ad_client_id>
    <updated>NOW()</updated>
    <mp_jobstandar_id>1000002</mp_jobstandar_id>
  </mp_jobstandar_task>
  <mp_jobstandar_task action="insert">
    <updatedby>100</updatedby>
    <ad_org_id>11</ad_org_id>
    <created>NOW()</created>
    <isactive>Y</isactive>
    <description>Check battery water level</description>
    <mp_jobstandar_task_uu>uuid_generate_v4()</mp_jobstandar_task_uu>
    <duration>0.25</duration>
    <createdby>100</createdby>
    <mp_jobstandar_task_id>1000006</mp_jobstandar_task_id>
    <c_uom_id>101</c_uom_id>
    <ad_client_id>11</ad_client_id>
    <updated>NOW()</updated>
    <mp_jobstandar_id>1000003</mp_jobstandar_id>
  </mp_jobstandar_task>
  <mp_jobstandar_task action="insert">
    <updatedby>100</updatedby>
    <ad_org_id>11</ad_org_id>
    <created>NOW()</created>
    <isactive>Y</isactive>
    <description>Clean battery terminals</description>
    <mp_jobstandar_task_uu>uuid_generate_v4()</mp_jobstandar_task_uu>
    <duration>0.25</duration>
    <createdby>100</createdby>
    <mp_jobstandar_task_id>1000007</mp_jobstandar_task_id>
    <c_uom_id>101</c_uom_id>
    <ad_client_id>11</ad_client_id>
    <updated>NOW()</updated>
    <mp_jobstandar_id>1000003</mp_jobstandar_id>
  </mp_jobstandar_task>
  <mp_jobstandar_task action="insert">
    <updatedby>100</updatedby>
    <ad_org_id>11</ad_org_id>
    <created>NOW()</created>
    <isactive>Y</isactive>
    <description>Test battery voltage</description>
    <mp_jobstandar_task_uu>uuid_generate_v4()</mp_jobstandar_task_uu>
    <duration>0.25</duration>
    <createdby>100</createdby>
    <mp_jobstandar_task_id>1000008</mp_jobstandar_task_id>
    <c_uom_id>101</c_uom_id>
    <ad_client_id>11</ad_client_id>
    <updated>NOW()</updated>
    <mp_jobstandar_id>1000003</mp_jobstandar_id>
  </mp_jobstandar_task>
  <mp_jobstandar_task action="insert">
    <updatedby>100</updatedby>
    <ad_org_id>11</ad_org_id>
    <created>NOW()</created>
    <isactive>Y</isactive>
    <description>Grease all bearings</description>
    <mp_jobstandar_task_uu>uuid_generate_v4()</mp_jobstandar_task_uu>
    <duration>1.0</duration>
    <createdby>100</createdby>
    <mp_jobstandar_task_id>1000009</mp_jobstandar_task_id>
    <c_uom_id>101</c_uom_id>
    <ad_client_id>11</ad_client_id>
    <updated>NOW()</updated>
    <mp_jobstandar_id>1000004</mp_jobstandar_id>
  </mp_jobstandar_task>
  <mp_jobstandar_task action="insert">
    <updatedby>100</updatedby>
    <ad_org_id>11</ad_org_id>
    <created>NOW()</created>
    <isactive>Y</isactive>
    <description>Check gear oil level</description>
    <mp_jobstandar_task_uu>uuid_generate_v4()</mp_jobstandar_task_uu>
    <duration>0.5</duration>
    <createdby>100</createdby>
    <mp_jobstandar_task_id>1000010</mp_jobstandar_task_id>
    <c_uom_id>101</c_uom_id>
    <ad_client_id>11</ad_client_id>
    <updated>NOW()</updated>
    <mp_jobstandar_id>1000004</mp_jobstandar_id>
  </mp_jobstandar_task>
  <mp_jobstandar_task action="insert">
    <updatedby>100</updatedby>
    <ad_org_id>11</ad_org_id>
    <created>NOW()</created>
    <isactive>Y</isactive>
    <description>Inspect belt condition</description>
    <mp_jobstandar_task_uu>uuid_generate_v4()</mp_jobstandar_task_uu>
    <duration>0.5</duration>
    <createdby>100</createdby>
    <mp_jobstandar_task_id>1000011</mp_jobstandar_task_id>
    <c_uom_id>101</c_uom_id>
    <ad_client_id>11</ad_client_id>
    <updated>NOW()</updated>
    <mp_jobstandar_id>1000005</mp_jobstandar_id>
  </mp_jobstandar_task>
  <mp_jobstandar_task action="insert">
    <updatedby>100</updatedby>
    <ad_org_id>11</ad_org_id>
    <created>NOW()</created>
    <isactive>Y</isactive>
    <description>Adjust tension rollers</description>
    <mp_jobstandar_task_uu>uuid_generate_v4()</mp_jobstandar_task_uu>
    <duration>1.0</duration>
    <createdby>100</createdby>
    <mp_jobstandar_task_id>1000012</mp_jobstandar_task_id>
    <c_uom_id>101</c_uom_id>
    <ad_client_id>11</ad_client_id>
    <updated>NOW()</updated>
    <mp_jobstandar_id>1000005</mp_jobstandar_id>
  </mp_jobstandar_task>
  <mp_jobstandar_task action="insert">
    <updatedby>100</updatedby>
    <ad_org_id>11</ad_org_id>
    <created>NOW()</created>
    <isactive>Y</isactive>
    <description>Lubricate drive chain</description>
    <mp_jobstandar_task_uu>uuid_generate_v4()</mp_jobstandar_task_uu>
    <duration>0.5</duration>
    <createdby>100</createdby>
    <mp_jobstandar_task_id>1000013</mp_jobstandar_task_id>
    <c_uom_id>101</c_uom_id>
    <ad_client_id>11</ad_client_id>
    <updated>NOW()</updated>
    <mp_jobstandar_id>1000005</mp_jobstandar_id>
  </mp_jobstandar_task>
  <mp_maintain action="insert">
    <priorityrule>5</priorityrule>
    <updatedby>100</updatedby>
    <ad_org_id>11</ad_org_id>
    <isactive>Y</isactive>
    <range>1000</range>
    <datenextrun>NULL</datenextrun>
    <a_asset_id>1000001</a_asset_id>
    <createdby>100</createdby>
    <ad_client_id>11</ad_client_id>
    <docstatus>AT</docstatus>
    <mp_jobstandar_id>1000001</mp_jobstandar_id>
    <lastmp>40000</lastmp>
    <created>NOW()</created>
    <nextmp>45000</nextmp>
    <programmingtype>M</programmingtype>
    <currentmp>45000</currentmp>
    <mp_maintain_uu>uuid_generate_v4()</mp_maintain_uu>
    <documentno>MP-000001</documentno>
    <datelastrun>2025-11-01</datelastrun>
    <promuse>500</promuse>
    <interval>5000</interval>
    <mp_maintain_id>1000001</mp_maintain_id>
    <lastread>45000</lastread>
    <updated>NOW()</updated>
    <ischild>N</ischild>
    <mp_meter_id>1000001</mp_meter_id>
  </mp_maintain>
  <mp_maintain action="insert">
    <priorityrule>5</priorityrule>
    <updatedby>100</updatedby>
    <ad_org_id>11</ad_org_id>
    <isactive>Y</isactive>
    <range>NULL</range>
    <datenextrun>2026-01-14</datenextrun>
    <a_asset_id>1000001</a_asset_id>
    <createdby>100</createdby>
    <ad_client_id>11</ad_client_id>
    <docstatus>AT</docstatus>
    <mp_jobstandar_id>1000002</mp_jobstandar_id>
    <lastmp>NULL</lastmp>
    <created>NOW()</created>
    <nextmp>NULL</nextmp>
    <programmingtype>C</programmingtype>
    <currentmp>NULL</currentmp>
    <mp_maintain_uu>uuid_generate_v4()</mp_maintain_uu>
    <documentno>MP-000002</documentno>
    <datelastrun>2025-12-15</datelastrun>
    <promuse>NULL</promuse>
    <interval>30</interval>
    <mp_maintain_id>1000002</mp_maintain_id>
    <lastread>NULL</lastread>
    <updated>NOW()</updated>
    <ischild>N</ischild>
    <mp_meter_id>NULL</mp_meter_id>
  </mp_maintain>
  <mp_maintain action="insert">
    <priorityrule>3</priorityrule>
    <updatedby>100</updatedby>
    <ad_org_id>11</ad_org_id>
    <isactive>Y</isactive>
    <range>100</range>
    <datenextrun>NULL</datenextrun>
    <a_asset_id>1000002</a_asset_id>
    <createdby>100</createdby>
    <ad_client_id>11</ad_client_id>
    <docstatus>AT</docstatus>
    <mp_jobstandar_id>1000003</mp_jobstandar_id>
    <lastmp>1000</lastmp>
    <created>NOW()</created>
    <nextmp>1250</nextmp>
    <programmingtype>M</programmingtype>
    <currentmp>1200</currentmp>
    <mp_maintain_uu>uuid_generate_v4()</mp_maintain_uu>
    <documentno>MP-000003</documentno>
    <datelastrun>2025-10-20</datelastrun>
    <promuse>50</promuse>
    <interval>250</interval>
    <mp_maintain_id>1000003</mp_maintain_id>
    <lastread>1200</lastread>
    <updated>NOW()</updated>
    <ischild>N</ischild>
    <mp_meter_id>1000002</mp_meter_id>
  </mp_maintain>
  <mp_maintain action="insert">
    <priorityrule>5</priorityrule>
    <updatedby>100</updatedby>
    <ad_org_id>11</ad_org_id>
    <isactive>Y</isactive>
    <range>200</range>
    <datenextrun>NULL</datenextrun>
    <a_asset_id>1000003</a_asset_id>
    <createdby>100</createdby>
    <ad_client_id>11</ad_client_id>
    <docstatus>AT</docstatus>
    <mp_jobstandar_id>1000004</mp_jobstandar_id>
    <lastmp>5500</lastmp>
    <created>NOW()</created>
    <nextmp>6000</nextmp>
    <programmingtype>M</programmingtype>
    <currentmp>5600</currentmp>
    <mp_maintain_uu>uuid_generate_v4()</mp_maintain_uu>
    <documentno>MP-000004</documentno>
    <datelastrun>2025-12-01</datelastrun>
    <promuse>100</promuse>
    <interval>500</interval>
    <mp_maintain_id>1000004</mp_maintain_id>
    <lastread>5600</lastread>
    <updated>NOW()</updated>
    <ischild>N</ischild>
    <mp_meter_id>1000002</mp_meter_id>
  </mp_maintain>
  <mp_maintain action="insert">
    <priorityrule>7</priorityrule>
    <updatedby>100</updatedby>
    <ad_org_id>11</ad_org_id>
    <isactive>Y</isactive>
    <range>NULL</range>
    <datenextrun>2026-01-19</datenextrun>
    <a_asset_id>1000004</a_asset_id>
    <createdby>100</createdby>
    <ad_client_id>11</ad_client_id>
    <docstatus>AT</docstatus>
    <mp_jobstandar_id>1000005</mp_jobstandar_id>
    <lastmp>NULL</lastmp>
    <created>NOW()</created>
    <nextmp>NULL</nextmp>
    <programmingtype>C</programmingtype>
    <currentmp>NULL</currentmp>
    <mp_maintain_uu>uuid_generate_v4()</mp_maintain_uu>
    <documentno>MP-000005</documentno>
    <datelastrun>2026-01-05</datelastrun>
    <promuse>NULL</promuse>
    <interval>14</interval>
    <mp_maintain_id>1000005</mp_maintain_id>
    <lastread>NULL</lastread>
    <updated>NOW()</updated>
    <ischild>N</ischild>
    <mp_meter_id>NULL</mp_meter_id>
  </mp_maintain>
  <mp_meter action="insert">
    <mp_meter_uu>uuid_generate_v4()</mp_meter_uu>
    <updatedby>100</updatedby>
    <createdby>100</createdby>
    <ad_org_id>11</ad_org_id>
    <created>NOW()</created>
    <isactive>Y</isactive>
    <maxday>30</maxday>
    <name>Kilometers</name>
    <ad_client_id>11</ad_client_id>
    <updated>NOW()</updated>
    <mp_meter_id>1000001</mp_meter_id>
  </mp_meter>
  <mp_meter action="insert">
    <mp_meter_uu>uuid_generate_v4()</mp_meter_uu>
    <updatedby>100</updatedby>
    <createdby>100</createdby>
    <ad_org_id>11</ad_org_id>
    <created>NOW()</created>
    <isactive>Y</isactive>
    <maxday>7</maxday>
    <name>Operating Hours</name>
    <ad_client_id>11</ad_client_id>
    <updated>NOW()</updated>
    <mp_meter_id>1000002</mp_meter_id>
  </mp_meter>
</idempiere>
