<?xml version="1.0" encoding="UTF-8"?>
<?xml-stylesheet type="text/css" href="idempiereDocument.css"?>

<idempiereDocument>
    <header>PreventiveMaintenance Package Description</header>
    <H1>Package Name:</H1>
    <packagename>PreventiveMaintenance</packagename>
    <H1>Author:</H1>
    <Name:/>
    <H1>Email Address:</H1>
    <Email>red1@red1.org</Email>
    <H1>Created:</H1>
    <Date>2013-01-04 09:15:52.541</Date>
    <H1>Updated:</H1>
    <Date>2013-01-04 09:16:01.798</Date>
    <H1>Description:</H1>
    <description>Asset Preventive Maintenance from OFB Consulting, Chile.
Converted to iDempiere as an OSGi plugin feature set, and reviewed by RED1 
Sponsored by SYSNOVA, Bangladesh</description>
    <H1>Instructions:</H1>
    <instructions>Follow more detail instructions and forum support from http://red1.org/adempiere
2Pack.zip here is either imported via normal Pack In window or in OSGi bundle activation under AssetMaintenanceBase plugin.

Run Role Access Update after Pack In has been completed.</instructions>
    <H1>Files in Package:</H1>
    <file>File: PackOut.xml</file>
    <filedirectory>Directory: \dict\</filedirectory>
    <filenotes>Notes: Contains all application/object settings for package</filenotes>
    <H1>Client:</H1>
    <Client>0-SYSTEM-System</Client>
</idempiereDocument>
