<?xml version="1.0" encoding="UTF-8"?>
<idempiere Name="GardenWorldSample" Version="1.0.0" Description="Sample data export" Author="red1" AuthorEmail="red1@red1.org" CreatedDate="2026-01-23 16:06:47" UpdatedDate="2026-01-23 16:06:47" PackOutVersion="100" Client="GardenWorld-GardenWorld">
    <MP_Meter type="table">
        <mp_meter_id>1100001</mp_meter_id>
        <ad_client_id>11</ad_client_id>
        <ad_org_id>11</ad_org_id>
        <created>2026-01-23 08:06:03</created>
        <createdby>101</createdby>
        <updatedby>101</updatedby>
        <maxday>30</maxday>
        <updated>2026-01-23 08:06:03</updated>
        <isactive>Y</isactive>
        <name>Kilometers</name>
        <mp_meter_uu>4ac4c3b1-9afd-4e4b-95ab-0f670a45f702</mp_meter_uu>
    </MP_Meter>
    <MP_Meter type="table">
        <mp_meter_id>1100002</mp_meter_id>
        <ad_client_id>11</ad_client_id>
        <ad_org_id>11</ad_org_id>
        <created>2026-01-23 08:06:03</created>
        <createdby>101</createdby>
        <updatedby>101</updatedby>
        <maxday>7</maxday>
        <updated>2026-01-23 08:06:03</updated>
        <isactive>Y</isactive>
        <name>Operating Hours</name>
        <mp_meter_uu>8ffbd512-bd31-4335-9ce6-77a1f32566e8</mp_meter_uu>
    </MP_Meter>
    <MP_Meter type="table">
        <mp_meter_id>1100003</mp_meter_id>
        <ad_client_id>11</ad_client_id>
        <ad_org_id>11</ad_org_id>
        <created>2026-01-23 08:06:03</created>
        <createdby>101</createdby>
        <updatedby>101</updatedby>
        <updated>2026-01-23 08:06:03</updated>
        <isactive>Y</isactive>
        <name>Calendar Days</name>
        <mp_meter_uu>f92e6e54-e9ee-4c43-b064-128a0053f3b7</mp_meter_uu>
    </MP_Meter>
    <MP_JobStandar type="table">
        <mp_jobstandar_id>1100001</mp_jobstandar_id>
        <name>Vehicle Oil Change</name>
        <ad_org_id>11</ad_org_id>
        <a_asset_group_id>50003</a_asset_group_id>
        <created>2026-01-23 08:06:03</created>
        <createdby>101</createdby>
        <updatedby>101</updatedby>
        <jobstandartype>AA</jobstandartype>
        <maintainarea>ME</maintainarea>
        <updated>2026-01-23 08:06:03</updated>
        <ad_client_id>11</ad_client_id>
        <isactive>Y</isactive>
        <mp_jobstandar_uu>e660e0be-72d2-4b19-84b8-6e1973aa60af</mp_jobstandar_uu>
    </MP_JobStandar>
    <MP_JobStandar type="table">
        <mp_jobstandar_id>1100002</mp_jobstandar_id>
        <name>HVAC Filter Replacement</name>
        <ad_org_id>11</ad_org_id>
        <a_asset_group_id>50003</a_asset_group_id>
        <created>2026-01-23 08:06:03</created>
        <createdby>101</createdby>
        <updatedby>101</updatedby>
        <jobstandartype>AA</jobstandartype>
        <maintainarea>ME</maintainarea>
        <updated>2026-01-23 08:06:03</updated>
        <ad_client_id>11</ad_client_id>
        <isactive>Y</isactive>
        <mp_jobstandar_uu>442b1346-a1bc-4e1b-96b5-2ba0f8486fff</mp_jobstandar_uu>
    </MP_JobStandar>
    <MP_JobStandar type="table">
        <mp_jobstandar_id>1100003</mp_jobstandar_id>
        <name>Forklift Battery Service</name>
        <ad_org_id>11</ad_org_id>
        <a_asset_group_id>50003</a_asset_group_id>
        <created>2026-01-23 08:06:03</created>
        <createdby>101</createdby>
        <updatedby>101</updatedby>
        <jobstandartype>AA</jobstandartype>
        <maintainarea>EL</maintainarea>
        <updated>2026-01-23 08:06:03</updated>
        <ad_client_id>11</ad_client_id>
        <isactive>Y</isactive>
        <mp_jobstandar_uu>661cdb33-abde-4c74-b6f7-c59725a43ebf</mp_jobstandar_uu>
    </MP_JobStandar>
    <MP_JobStandar_Task type="table">
        <mp_jobstandar_task_id>1100001</mp_jobstandar_task_id>
        <ad_client_id>11</ad_client_id>
        <description>Drain old oil completely</description>
        <ad_org_id>11</ad_org_id>
        <c_uom_id>101</c_uom_id>
        <created>2026-01-23 08:06:03</created>
        <createdby>101</createdby>
        <updatedby>101</updatedby>
        <duration>0.5</duration>
        <isactive>Y</isactive>
        <mp_jobstandar_id>1100001</mp_jobstandar_id>
        <updated>2026-01-23 08:06:03</updated>
        <mp_jobstandar_task_uu>57a432cd-9c7f-414d-894c-a225eb6ff555</mp_jobstandar_task_uu>
    </MP_JobStandar_Task>
    <MP_JobStandar_Task type="table">
        <mp_jobstandar_task_id>1100002</mp_jobstandar_task_id>
        <ad_client_id>11</ad_client_id>
        <description>Replace oil filter</description>
        <ad_org_id>11</ad_org_id>
        <c_uom_id>101</c_uom_id>
        <created>2026-01-23 08:06:03</created>
        <createdby>101</createdby>
        <updatedby>101</updatedby>
        <duration>0.25</duration>
        <isactive>Y</isactive>
        <mp_jobstandar_id>1100001</mp_jobstandar_id>
        <updated>2026-01-23 08:06:03</updated>
        <mp_jobstandar_task_uu>ebd17a47-ed2b-42e9-b244-aacbfc8cf818</mp_jobstandar_task_uu>
    </MP_JobStandar_Task>
    <MP_JobStandar_Task type="table">
        <mp_jobstandar_task_id>1100003</mp_jobstandar_task_id>
        <ad_client_id>11</ad_client_id>
        <description>Add 5L synthetic oil</description>
        <ad_org_id>11</ad_org_id>
        <c_uom_id>101</c_uom_id>
        <created>2026-01-23 08:06:03</created>
        <createdby>101</createdby>
        <updatedby>101</updatedby>
        <duration>0.25</duration>
        <isactive>Y</isactive>
        <mp_jobstandar_id>1100001</mp_jobstandar_id>
        <updated>2026-01-23 08:06:03</updated>
        <mp_jobstandar_task_uu>e861e67c-2625-4440-ae32-f82ff70515de</mp_jobstandar_task_uu>
    </MP_JobStandar_Task>
    <MP_JobStandar_Task type="table">
        <mp_jobstandar_task_id>1100004</mp_jobstandar_task_id>
        <ad_client_id>11</ad_client_id>
        <description>Turn off HVAC system</description>
        <ad_org_id>11</ad_org_id>
        <c_uom_id>101</c_uom_id>
        <created>2026-01-23 08:06:03</created>
        <createdby>101</createdby>
        <updatedby>101</updatedby>
        <duration>0.1</duration>
        <isactive>Y</isactive>
        <mp_jobstandar_id>1100002</mp_jobstandar_id>
        <updated>2026-01-23 08:06:03</updated>
        <mp_jobstandar_task_uu>788c93bf-e819-4e43-91d6-453cde1a00a7</mp_jobstandar_task_uu>
    </MP_JobStandar_Task>
    <MP_JobStandar_Task type="table">
        <mp_jobstandar_task_id>1100005</mp_jobstandar_task_id>
        <ad_client_id>11</ad_client_id>
        <description>Remove old filter</description>
        <ad_org_id>11</ad_org_id>
        <c_uom_id>101</c_uom_id>
        <created>2026-01-23 08:06:03</created>
        <createdby>101</createdby>
        <updatedby>101</updatedby>
        <duration>0.25</duration>
        <isactive>Y</isactive>
        <mp_jobstandar_id>1100002</mp_jobstandar_id>
        <updated>2026-01-23 08:06:03</updated>
        <mp_jobstandar_task_uu>8b7476c5-8230-4f63-9b3b-d03e8e6482bd</mp_jobstandar_task_uu>
    </MP_JobStandar_Task>
    <MP_JobStandar_Task type="table">
        <mp_jobstandar_task_id>1100006</mp_jobstandar_task_id>
        <ad_client_id>11</ad_client_id>
        <description>Install new filter</description>
        <ad_org_id>11</ad_org_id>
        <c_uom_id>101</c_uom_id>
        <created>2026-01-23 08:06:03</created>
        <createdby>101</createdby>
        <updatedby>101</updatedby>
        <duration>0.25</duration>
        <isactive>Y</isactive>
        <mp_jobstandar_id>1100002</mp_jobstandar_id>
        <updated>2026-01-23 08:06:03</updated>
        <mp_jobstandar_task_uu>80d0e465-173a-4cb6-9df8-08a1173ec381</mp_jobstandar_task_uu>
    </MP_JobStandar_Task>
    <MP_JobStandar_Task type="table">
        <mp_jobstandar_task_id>1100007</mp_jobstandar_task_id>
        <ad_client_id>11</ad_client_id>
        <description>Test system operation</description>
        <ad_org_id>11</ad_org_id>
        <c_uom_id>101</c_uom_id>
        <created>2026-01-23 08:06:03</created>
        <createdby>101</createdby>
        <updatedby>101</updatedby>
        <duration>0.25</duration>
        <isactive>Y</isactive>
        <mp_jobstandar_id>1100002</mp_jobstandar_id>
        <updated>2026-01-23 08:06:03</updated>
        <mp_jobstandar_task_uu>30c51873-e903-43cc-8abd-cc4a5f8e9392</mp_jobstandar_task_uu>
    </MP_JobStandar_Task>
    <MP_JobStandar_Task type="table">
        <mp_jobstandar_task_id>1100008</mp_jobstandar_task_id>
        <ad_client_id>11</ad_client_id>
        <description>Safety check - power off</description>
        <ad_org_id>11</ad_org_id>
        <c_uom_id>101</c_uom_id>
        <created>2026-01-23 08:06:03</created>
        <createdby>101</createdby>
        <updatedby>101</updatedby>
        <duration>0.1</duration>
        <isactive>Y</isactive>
        <mp_jobstandar_id>1100003</mp_jobstandar_id>
        <updated>2026-01-23 08:06:03</updated>
        <mp_jobstandar_task_uu>e67bac96-d34a-4f86-ac44-509016f2fd0f</mp_jobstandar_task_uu>
    </MP_JobStandar_Task>
    <MP_JobStandar_Task type="table">
        <mp_jobstandar_task_id>1100009</mp_jobstandar_task_id>
        <ad_client_id>11</ad_client_id>
        <description>Check water level</description>
        <ad_org_id>11</ad_org_id>
        <c_uom_id>101</c_uom_id>
        <created>2026-01-23 08:06:03</created>
        <createdby>101</createdby>
        <updatedby>101</updatedby>
        <duration>0.25</duration>
        <isactive>Y</isactive>
        <mp_jobstandar_id>1100003</mp_jobstandar_id>
        <updated>2026-01-23 08:06:03</updated>
        <mp_jobstandar_task_uu>e09ce223-f42c-441d-a729-db82eb16d85e</mp_jobstandar_task_uu>
    </MP_JobStandar_Task>
    <MP_JobStandar_Task type="table">
        <mp_jobstandar_task_id>1100010</mp_jobstandar_task_id>
        <ad_client_id>11</ad_client_id>
        <description>Add distilled water</description>
        <ad_org_id>11</ad_org_id>
        <c_uom_id>101</c_uom_id>
        <created>2026-01-23 08:06:03</created>
        <createdby>101</createdby>
        <updatedby>101</updatedby>
        <duration>0.25</duration>
        <isactive>Y</isactive>
        <mp_jobstandar_id>1100003</mp_jobstandar_id>
        <updated>2026-01-23 08:06:03</updated>
        <mp_jobstandar_task_uu>d80e09e4-119b-4f01-8166-f4b9f7b18044</mp_jobstandar_task_uu>
    </MP_JobStandar_Task>
    <MP_JobStandar_Task type="table">
        <mp_jobstandar_task_id>1100011</mp_jobstandar_task_id>
        <ad_client_id>11</ad_client_id>
        <description>Clean terminals</description>
        <ad_org_id>11</ad_org_id>
        <c_uom_id>101</c_uom_id>
        <created>2026-01-23 08:06:03</created>
        <createdby>101</createdby>
        <updatedby>101</updatedby>
        <duration>0.25</duration>
        <isactive>Y</isactive>
        <mp_jobstandar_id>1100003</mp_jobstandar_id>
        <updated>2026-01-23 08:06:03</updated>
        <mp_jobstandar_task_uu>9a5e7e07-30ce-48a0-9897-6d9cbad38fcb</mp_jobstandar_task_uu>
    </MP_JobStandar_Task>
    <MP_JobStandar_Task type="table">
        <mp_jobstandar_task_id>1100012</mp_jobstandar_task_id>
        <ad_client_id>11</ad_client_id>
        <description>Test voltage</description>
        <ad_org_id>11</ad_org_id>
        <c_uom_id>101</c_uom_id>
        <created>2026-01-23 08:06:03</created>
        <createdby>101</createdby>
        <updatedby>101</updatedby>
        <duration>0.25</duration>
        <isactive>Y</isactive>
        <mp_jobstandar_id>1100003</mp_jobstandar_id>
        <updated>2026-01-23 08:06:03</updated>
        <mp_jobstandar_task_uu>eb97127e-eba0-4c2b-becb-e9ef5340d684</mp_jobstandar_task_uu>
    </MP_JobStandar_Task>
    <A_Asset type="table">
        <a_asset_id>1100001</a_asset_id>
        <ad_client_id>11</ad_client_id>
        <ad_org_id>11</ad_org_id>
        <isactive>Y</isactive>
        <created>2026-01-23 08:06:03</created>
        <createdby>101</createdby>
        <updated>2026-01-23 08:06:03</updated>
        <updatedby>101</updatedby>
        <value>VH-001</value>
        <name>Delivery Truck #1</name>
        <description>Ford F-150 for local deliveries</description>
        <a_asset_group_id>50003</a_asset_group_id>
        <m_product_id>200001</m_product_id>
        <assetservicedate>2024-01-15 00:00:00</assetservicedate>
        <isowned>Y</isowned>
        <isdisposed>N</isdisposed>
        <isinposession>Y</isinposession>
        <processing>N</processing>
        <isdepreciated>N</isdepreciated>
        <isfullydepreciated>N</isfullydepreciated>
        <m_attributesetinstance_id>0</m_attributesetinstance_id>
        <a_asset_uu>31b09772-6f5c-4d8d-a0dd-f8cb8ef35cd6</a_asset_uu>
        <a_asset_status>NW</a_asset_status>
        <a_asset_action>MD</a_asset_action>
        <processed>N</processed>
        <a_assettype>MFX</a_assettype>
    </A_Asset>
    <A_Asset type="table">
        <a_asset_id>1100002</a_asset_id>
        <ad_client_id>11</ad_client_id>
        <ad_org_id>11</ad_org_id>
        <isactive>Y</isactive>
        <created>2026-01-23 08:06:03</created>
        <createdby>101</createdby>
        <updated>2026-01-23 08:06:03</updated>
        <updatedby>101</updatedby>
        <value>HVAC-001</value>
        <name>Office HVAC Unit #1</name>
        <description>Main office air conditioning</description>
        <a_asset_group_id>50003</a_asset_group_id>
        <m_product_id>200002</m_product_id>
        <assetservicedate>2023-06-01 00:00:00</assetservicedate>
        <isowned>Y</isowned>
        <isdisposed>N</isdisposed>
        <isinposession>Y</isinposession>
        <processing>N</processing>
        <isdepreciated>N</isdepreciated>
        <isfullydepreciated>N</isfullydepreciated>
        <m_attributesetinstance_id>0</m_attributesetinstance_id>
        <a_asset_uu>e34bfaa5-1cb9-42c9-9150-5c927f0296aa</a_asset_uu>
        <a_asset_status>NW</a_asset_status>
        <a_asset_action>MD</a_asset_action>
        <processed>N</processed>
        <a_assettype>MFX</a_assettype>
    </A_Asset>
    <A_Asset type="table">
        <a_asset_id>1100003</a_asset_id>
        <ad_client_id>11</ad_client_id>
        <ad_org_id>11</ad_org_id>
        <isactive>Y</isactive>
        <created>2026-01-23 08:06:03</created>
        <createdby>101</createdby>
        <updated>2026-01-23 08:06:03</updated>
        <updatedby>101</updatedby>
        <value>FL-001</value>
        <name>Forklift #1</name>
        <description>Toyota electric forklift 2-ton</description>
        <a_asset_group_id>50003</a_asset_group_id>
        <m_product_id>200001</m_product_id>
        <assetservicedate>2023-03-01 00:00:00</assetservicedate>
        <isowned>Y</isowned>
        <isdisposed>N</isdisposed>
        <isinposession>Y</isinposession>
        <processing>N</processing>
        <isdepreciated>N</isdepreciated>
        <isfullydepreciated>N</isfullydepreciated>
        <m_attributesetinstance_id>0</m_attributesetinstance_id>
        <a_asset_uu>87f26744-2116-4ea4-9633-088bf577fd3d</a_asset_uu>
        <a_asset_status>NW</a_asset_status>
        <a_asset_action>MD</a_asset_action>
        <processed>N</processed>
        <a_assettype>MFX</a_assettype>
    </A_Asset>
    <MP_AssetMeter type="table">
        <mp_assetmeter_id>1100001</mp_assetmeter_id>
        <a_asset_id>1100001</a_asset_id>
        <mp_meter_id>1100001</mp_meter_id>
        <ad_client_id>11</ad_client_id>
        <ad_org_id>11</ad_org_id>
        <isactive>Y</isactive>
        <created>2026-01-23 08:06:03</created>
        <createdby>101</createdby>
        <updated>2026-01-23 08:06:03</updated>
        <updatedby>101</updatedby>
        <datetrx>2026-01-23 08:06:03</datetrx>
        <amt>45000</amt>
        <value>VH001-KM</value>
        <name>Truck Odometer</name>
        <mp_assetmeter_uu>25e8ded8-bbcd-47fa-8f64-007074b1181a</mp_assetmeter_uu>
    </MP_AssetMeter>
    <MP_AssetMeter type="table">
        <mp_assetmeter_id>1100002</mp_assetmeter_id>
        <a_asset_id>1100002</a_asset_id>
        <mp_meter_id>1100003</mp_meter_id>
        <ad_client_id>11</ad_client_id>
        <ad_org_id>11</ad_org_id>
        <isactive>Y</isactive>
        <created>2026-01-23 08:06:03</created>
        <createdby>101</createdby>
        <updated>2026-01-23 08:06:03</updated>
        <updatedby>101</updatedby>
        <datetrx>2026-01-23 08:06:03</datetrx>
        <amt>0</amt>
        <value>HVAC001-DAYS</value>
        <name>HVAC Tracker</name>
        <mp_assetmeter_uu>2d4b172a-26db-4528-a57b-9696c720a8fa</mp_assetmeter_uu>
    </MP_AssetMeter>
    <MP_AssetMeter type="table">
        <mp_assetmeter_id>1100003</mp_assetmeter_id>
        <a_asset_id>1100003</a_asset_id>
        <mp_meter_id>1100002</mp_meter_id>
        <ad_client_id>11</ad_client_id>
        <ad_org_id>11</ad_org_id>
        <isactive>Y</isactive>
        <created>2026-01-23 08:06:03</created>
        <createdby>101</createdby>
        <updated>2026-01-23 08:06:03</updated>
        <updatedby>101</updatedby>
        <datetrx>2026-01-23 08:06:03</datetrx>
        <amt>1200</amt>
        <value>FL001-HRS</value>
        <name>Forklift Hours</name>
        <mp_assetmeter_uu>fcef7ae3-4f4a-44c8-aec8-327ae41dd573</mp_assetmeter_uu>
    </MP_AssetMeter>
    <MP_Maintain type="table">
        <mp_maintain_id>1100001</mp_maintain_id>
        <documentno>MP-001</documentno>
        <ischild>N</ischild>
        <updatedby>101</updatedby>
        <a_asset_id>1100001</a_asset_id>
        <currentmp>45000</currentmp>
        <created>2026-01-23 08:06:03</created>
        <createdby>101</createdby>
        <datelastrun>2024-11-01 00:00:00</datelastrun>
        <docstatus>AT</docstatus>
        <interval>5000</interval>
        <isactive>Y</isactive>
        <lastmp>40000</lastmp>
        <mp_jobstandar_id>1100001</mp_jobstandar_id>
        <nextmp>45000</nextmp>
        <programmingtype>M</programmingtype>
        <promuse>500</promuse>
        <range>1000</range>
        <updated>2026-01-23 08:06:03</updated>
        <ad_client_id>11</ad_client_id>
        <ad_org_id>11</ad_org_id>
        <mp_meter_id>1100001</mp_meter_id>
        <mp_maintain_uu>48e75379-6f51-400e-8526-9688b0d768b0</mp_maintain_uu>
    </MP_Maintain>
    <MP_Maintain type="table">
        <mp_maintain_id>1100002</mp_maintain_id>
        <documentno>MP-002</documentno>
        <ischild>N</ischild>
        <updatedby>101</updatedby>
        <a_asset_id>1100002</a_asset_id>
        <created>2026-01-23 08:06:03</created>
        <createdby>101</createdby>
        <datelastrun>2025-10-30 08:06:03</datelastrun>
        <datenextrun>2026-01-28 08:06:03</datenextrun>
        <docstatus>AT</docstatus>
        <interval>90</interval>
        <isactive>Y</isactive>
        <mp_jobstandar_id>1100002</mp_jobstandar_id>
        <programmingtype>C</programmingtype>
        <updated>2026-01-23 08:06:03</updated>
        <ad_client_id>11</ad_client_id>
        <ad_org_id>11</ad_org_id>
        <mp_maintain_uu>22579769-cea1-4688-a732-f4db9cfeee3b</mp_maintain_uu>
    </MP_Maintain>
    <MP_Maintain type="table">
        <mp_maintain_id>1100003</mp_maintain_id>
        <documentno>MP-003</documentno>
        <ischild>N</ischild>
        <updatedby>101</updatedby>
        <a_asset_id>1100003</a_asset_id>
        <currentmp>1200</currentmp>
        <created>2026-01-23 08:06:03</created>
        <createdby>101</createdby>
        <datelastrun>2024-10-15 00:00:00</datelastrun>
        <docstatus>AT</docstatus>
        <interval>250</interval>
        <isactive>Y</isactive>
        <lastmp>1000</lastmp>
        <mp_jobstandar_id>1100003</mp_jobstandar_id>
        <nextmp>1250</nextmp>
        <programmingtype>M</programmingtype>
        <promuse>25</promuse>
        <range>50</range>
        <updated>2026-01-23 08:06:03</updated>
        <ad_client_id>11</ad_client_id>
        <ad_org_id>11</ad_org_id>
        <mp_meter_id>1100002</mp_meter_id>
        <mp_maintain_uu>0118ffec-2529-4584-a5c6-e0ea0ecac5ec</mp_maintain_uu>
    </MP_Maintain>
    <MP_Maintain_Task type="table">
        <mp_maintain_task_id>1100001</mp_maintain_task_id>
        <ad_client_id>11</ad_client_id>
        <description>Drain old oil completely</description>
        <ad_org_id>11</ad_org_id>
        <c_uom_id>101</c_uom_id>
        <created>2026-01-23 08:06:03</created>
        <createdby>101</createdby>
        <updatedby>101</updatedby>
        <duration>0.5</duration>
        <isactive>Y</isactive>
        <mp_maintain_id>1100001</mp_maintain_id>
        <updated>2026-01-23 08:06:03</updated>
        <mp_maintain_task_uu>f865469e-8458-4c58-8c1b-20c624b956e0</mp_maintain_task_uu>
    </MP_Maintain_Task>
    <MP_Maintain_Task type="table">
        <mp_maintain_task_id>1100002</mp_maintain_task_id>
        <ad_client_id>11</ad_client_id>
        <description>Replace oil filter</description>
        <ad_org_id>11</ad_org_id>
        <c_uom_id>101</c_uom_id>
        <created>2026-01-23 08:06:03</created>
        <createdby>101</createdby>
        <updatedby>101</updatedby>
        <duration>0.25</duration>
        <isactive>Y</isactive>
        <mp_maintain_id>1100001</mp_maintain_id>
        <updated>2026-01-23 08:06:03</updated>
        <mp_maintain_task_uu>b0c33486-7940-401e-915d-17266f7f4b6d</mp_maintain_task_uu>
    </MP_Maintain_Task>
    <MP_Maintain_Task type="table">
        <mp_maintain_task_id>1100003</mp_maintain_task_id>
        <ad_client_id>11</ad_client_id>
        <description>Add 5L synthetic oil</description>
        <ad_org_id>11</ad_org_id>
        <c_uom_id>101</c_uom_id>
        <created>2026-01-23 08:06:03</created>
        <createdby>101</createdby>
        <updatedby>101</updatedby>
        <duration>0.25</duration>
        <isactive>Y</isactive>
        <mp_maintain_id>1100001</mp_maintain_id>
        <updated>2026-01-23 08:06:03</updated>
        <mp_maintain_task_uu>e1becee9-96a7-44d8-9b25-44a23b544d90</mp_maintain_task_uu>
    </MP_Maintain_Task>
    <MP_Maintain_Task type="table">
        <mp_maintain_task_id>1100004</mp_maintain_task_id>
        <ad_client_id>11</ad_client_id>
        <description>Turn off HVAC system</description>
        <ad_org_id>11</ad_org_id>
        <c_uom_id>101</c_uom_id>
        <created>2026-01-23 08:06:03</created>
        <createdby>101</createdby>
        <updatedby>101</updatedby>
        <duration>0.1</duration>
        <isactive>Y</isactive>
        <mp_maintain_id>1100002</mp_maintain_id>
        <updated>2026-01-23 08:06:03</updated>
        <mp_maintain_task_uu>19daff97-ea86-4109-83cb-47897fb0ba6f</mp_maintain_task_uu>
    </MP_Maintain_Task>
    <MP_Maintain_Task type="table">
        <mp_maintain_task_id>1100005</mp_maintain_task_id>
        <ad_client_id>11</ad_client_id>
        <description>Remove old filter</description>
        <ad_org_id>11</ad_org_id>
        <c_uom_id>101</c_uom_id>
        <created>2026-01-23 08:06:03</created>
        <createdby>101</createdby>
        <updatedby>101</updatedby>
        <duration>0.25</duration>
        <isactive>Y</isactive>
        <mp_maintain_id>1100002</mp_maintain_id>
        <updated>2026-01-23 08:06:03</updated>
        <mp_maintain_task_uu>20810568-05cc-4ca4-8556-a4f2b313e437</mp_maintain_task_uu>
    </MP_Maintain_Task>
    <MP_Maintain_Task type="table">
        <mp_maintain_task_id>1100006</mp_maintain_task_id>
        <ad_client_id>11</ad_client_id>
        <description>Install new filter</description>
        <ad_org_id>11</ad_org_id>
        <c_uom_id>101</c_uom_id>
        <created>2026-01-23 08:06:03</created>
        <createdby>101</createdby>
        <updatedby>101</updatedby>
        <duration>0.25</duration>
        <isactive>Y</isactive>
        <mp_maintain_id>1100002</mp_maintain_id>
        <updated>2026-01-23 08:06:03</updated>
        <mp_maintain_task_uu>2f1a48bb-0dc6-4ce3-b48c-4d85879bc4fb</mp_maintain_task_uu>
    </MP_Maintain_Task>
    <MP_Maintain_Task type="table">
        <mp_maintain_task_id>1100007</mp_maintain_task_id>
        <ad_client_id>11</ad_client_id>
        <description>Test system operation</description>
        <ad_org_id>11</ad_org_id>
        <c_uom_id>101</c_uom_id>
        <created>2026-01-23 08:06:03</created>
        <createdby>101</createdby>
        <updatedby>101</updatedby>
        <duration>0.25</duration>
        <isactive>Y</isactive>
        <mp_maintain_id>1100002</mp_maintain_id>
        <updated>2026-01-23 08:06:03</updated>
        <mp_maintain_task_uu>cec3f9fa-0848-4e67-ac17-5c86ec2d8b8b</mp_maintain_task_uu>
    </MP_Maintain_Task>
    <MP_Maintain_Task type="table">
        <mp_maintain_task_id>1100008</mp_maintain_task_id>
        <ad_client_id>11</ad_client_id>
        <description>Safety check - power off</description>
        <ad_org_id>11</ad_org_id>
        <c_uom_id>101</c_uom_id>
        <created>2026-01-23 08:06:03</created>
        <createdby>101</createdby>
        <updatedby>101</updatedby>
        <duration>0.1</duration>
        <isactive>Y</isactive>
        <mp_maintain_id>1100003</mp_maintain_id>
        <updated>2026-01-23 08:06:03</updated>
        <mp_maintain_task_uu>53871499-eb3b-45dd-9376-c1660dd43926</mp_maintain_task_uu>
    </MP_Maintain_Task>
    <MP_Maintain_Task type="table">
        <mp_maintain_task_id>1100009</mp_maintain_task_id>
        <ad_client_id>11</ad_client_id>
        <description>Check water level</description>
        <ad_org_id>11</ad_org_id>
        <c_uom_id>101</c_uom_id>
        <created>2026-01-23 08:06:03</created>
        <createdby>101</createdby>
        <updatedby>101</updatedby>
        <duration>0.25</duration>
        <isactive>Y</isactive>
        <mp_maintain_id>1100003</mp_maintain_id>
        <updated>2026-01-23 08:06:03</updated>
        <mp_maintain_task_uu>6f85ba9e-daff-4b7c-aafa-55cff525dd27</mp_maintain_task_uu>
    </MP_Maintain_Task>
    <MP_Maintain_Task type="table">
        <mp_maintain_task_id>1100010</mp_maintain_task_id>
        <ad_client_id>11</ad_client_id>
        <description>Add distilled water</description>
        <ad_org_id>11</ad_org_id>
        <c_uom_id>101</c_uom_id>
        <created>2026-01-23 08:06:03</created>
        <createdby>101</createdby>
        <updatedby>101</updatedby>
        <duration>0.25</duration>
        <isactive>Y</isactive>
        <mp_maintain_id>1100003</mp_maintain_id>
        <updated>2026-01-23 08:06:03</updated>
        <mp_maintain_task_uu>0866368a-408e-43a8-bf69-9e2e3fb01ebc</mp_maintain_task_uu>
    </MP_Maintain_Task>
    <MP_Maintain_Task type="table">
        <mp_maintain_task_id>1100011</mp_maintain_task_id>
        <ad_client_id>11</ad_client_id>
        <description>Clean terminals</description>
        <ad_org_id>11</ad_org_id>
        <c_uom_id>101</c_uom_id>
        <created>2026-01-23 08:06:03</created>
        <createdby>101</createdby>
        <updatedby>101</updatedby>
        <duration>0.25</duration>
        <isactive>Y</isactive>
        <mp_maintain_id>1100003</mp_maintain_id>
        <updated>2026-01-23 08:06:03</updated>
        <mp_maintain_task_uu>b5508d47-73ae-461e-83ca-d491f64655aa</mp_maintain_task_uu>
    </MP_Maintain_Task>
    <MP_Maintain_Task type="table">
        <mp_maintain_task_id>1100012</mp_maintain_task_id>
        <ad_client_id>11</ad_client_id>
        <description>Test voltage</description>
        <ad_org_id>11</ad_org_id>
        <c_uom_id>101</c_uom_id>
        <created>2026-01-23 08:06:03</created>
        <createdby>101</createdby>
        <updatedby>101</updatedby>
        <duration>0.25</duration>
        <isactive>Y</isactive>
        <mp_maintain_id>1100003</mp_maintain_id>
        <updated>2026-01-23 08:06:03</updated>
        <mp_maintain_task_uu>2431bd36-ffa3-4250-8fab-83440be9dab6</mp_maintain_task_uu>
    </MP_Maintain_Task>
    <MP_AssetMeter_Log type="table">
        <mp_assetmeter_log_id>1100001</mp_assetmeter_log_id>
        <ad_client_id>11</ad_client_id>
        <ad_org_id>11</ad_org_id>
        <amt>44200</amt>
        <created>2026-01-23 08:06:03</created>
        <createdby>101</createdby>
        <updatedby>101</updatedby>
        <datetrx>2026-01-02 08:06:03</datetrx>
        <isactive>Y</isactive>
        <mp_assetmeter_id>1100001</mp_assetmeter_id>
        <updated>2026-01-23 08:06:03</updated>
        <description>Weekly reading</description>
        <mp_assetmeter_log_uu>6aa9017c-c09c-4d6c-9bfa-47e1f134b48f</mp_assetmeter_log_uu>
    </MP_AssetMeter_Log>
    <MP_AssetMeter_Log type="table">
        <mp_assetmeter_log_id>1100002</mp_assetmeter_log_id>
        <ad_client_id>11</ad_client_id>
        <ad_org_id>11</ad_org_id>
        <amt>44500</amt>
        <created>2026-01-23 08:06:03</created>
        <createdby>101</createdby>
        <updatedby>101</updatedby>
        <datetrx>2026-01-09 08:06:03</datetrx>
        <isactive>Y</isactive>
        <mp_assetmeter_id>1100001</mp_assetmeter_id>
        <updated>2026-01-23 08:06:03</updated>
        <description>Weekly reading</description>
        <mp_assetmeter_log_uu>cfcecd16-7e24-4a0e-9b67-32affa26818d</mp_assetmeter_log_uu>
    </MP_AssetMeter_Log>
    <MP_AssetMeter_Log type="table">
        <mp_assetmeter_log_id>1100003</mp_assetmeter_log_id>
        <ad_client_id>11</ad_client_id>
        <ad_org_id>11</ad_org_id>
        <amt>44800</amt>
        <created>2026-01-23 08:06:03</created>
        <createdby>101</createdby>
        <updatedby>101</updatedby>
        <datetrx>2026-01-16 08:06:03</datetrx>
        <isactive>Y</isactive>
        <mp_assetmeter_id>1100001</mp_assetmeter_id>
        <updated>2026-01-23 08:06:03</updated>
        <description>Weekly reading</description>
        <mp_assetmeter_log_uu>d748c41e-bcff-42d6-9103-77fc2279b624</mp_assetmeter_log_uu>
    </MP_AssetMeter_Log>
    <MP_AssetMeter_Log type="table">
        <mp_assetmeter_log_id>1100004</mp_assetmeter_log_id>
        <ad_client_id>11</ad_client_id>
        <ad_org_id>11</ad_org_id>
        <amt>45000</amt>
        <created>2026-01-23 08:06:03</created>
        <createdby>101</createdby>
        <updatedby>101</updatedby>
        <datetrx>2026-01-23 08:06:03</datetrx>
        <isactive>Y</isactive>
        <mp_assetmeter_id>1100001</mp_assetmeter_id>
        <updated>2026-01-23 08:06:03</updated>
        <description>Maintenance due!</description>
        <mp_assetmeter_log_uu>f2102275-4a9d-47bd-b75a-298478ac96be</mp_assetmeter_log_uu>
    </MP_AssetMeter_Log>
    <MP_AssetMeter_Log type="table">
        <mp_assetmeter_log_id>1100005</mp_assetmeter_log_id>
        <ad_client_id>11</ad_client_id>
        <ad_org_id>11</ad_org_id>
        <amt>1150</amt>
        <created>2026-01-23 08:06:03</created>
        <createdby>101</createdby>
        <updatedby>101</updatedby>
        <datetrx>2026-01-13 08:06:03</datetrx>
        <isactive>Y</isactive>
        <mp_assetmeter_id>1100003</mp_assetmeter_id>
        <updated>2026-01-23 08:06:03</updated>
        <description>Daily reading</description>
        <mp_assetmeter_log_uu>6acf1d63-e2d2-4bfe-81b1-c4168d2519b0</mp_assetmeter_log_uu>
    </MP_AssetMeter_Log>
    <MP_AssetMeter_Log type="table">
        <mp_assetmeter_log_id>1100006</mp_assetmeter_log_id>
        <ad_client_id>11</ad_client_id>
        <ad_org_id>11</ad_org_id>
        <amt>1175</amt>
        <created>2026-01-23 08:06:03</created>
        <createdby>101</createdby>
        <updatedby>101</updatedby>
        <datetrx>2026-01-18 08:06:03</datetrx>
        <isactive>Y</isactive>
        <mp_assetmeter_id>1100003</mp_assetmeter_id>
        <updated>2026-01-23 08:06:03</updated>
        <description>Daily reading</description>
        <mp_assetmeter_log_uu>6489b42f-0105-469f-bc66-a6a669da0051</mp_assetmeter_log_uu>
    </MP_AssetMeter_Log>
    <MP_AssetMeter_Log type="table">
        <mp_assetmeter_log_id>1100007</mp_assetmeter_log_id>
        <ad_client_id>11</ad_client_id>
        <ad_org_id>11</ad_org_id>
        <amt>1200</amt>
        <created>2026-01-23 08:06:03</created>
        <createdby>101</createdby>
        <updatedby>101</updatedby>
        <datetrx>2026-01-23 08:06:03</datetrx>
        <isactive>Y</isactive>
        <mp_assetmeter_id>1100003</mp_assetmeter_id>
        <updated>2026-01-23 08:06:03</updated>
        <description>Approaching maintenance</description>
        <mp_assetmeter_log_uu>aa142950-82bc-4357-9ead-2c89d8439592</mp_assetmeter_log_uu>
    </MP_AssetMeter_Log>
    <MP_OT_Request type="table">
        <mp_ot_request_id>1100001</mp_ot_request_id>
        <ad_client_id>11</ad_client_id>
        <documentno>REQ-001</documentno>
        <updatedby>101</updatedby>
        <ad_user_id>101</ad_user_id>
        <a_asset_id>1100001</a_asset_id>
        <created>2026-01-23 08:06:03</created>
        <createdby>101</createdby>
        <datedoc>2026-01-21 08:06:03</datedoc>
        <daterequired>2026-01-28 08:06:03</daterequired>
        <description>Truck oil warning light on</description>
        <docstatus>WC</docstatus>
        <isactive>Y</isactive>
        <mp_jobstandar_id>1100001</mp_jobstandar_id>
        <ot_request_type>RP</ot_request_type>
        <priorityrule>5</priorityrule>
        <processed>Y</processed>
        <updated>2026-01-23 08:06:03</updated>
        <ad_org_id>11</ad_org_id>
        <mp_ot_request_uu>8eff1708-eae4-46da-9801-c08ee597a38b</mp_ot_request_uu>
    </MP_OT_Request>
    <MP_OT_Request type="table">
        <mp_ot_request_id>1100002</mp_ot_request_id>
        <ad_client_id>11</ad_client_id>
        <documentno>REQ-002</documentno>
        <updatedby>101</updatedby>
        <ad_user_id>101</ad_user_id>
        <a_asset_id>1100003</a_asset_id>
        <created>2026-01-23 08:06:03</created>
        <createdby>101</createdby>
        <datedoc>2026-01-18 08:06:03</datedoc>
        <daterequired>2026-01-25 08:06:03</daterequired>
        <description>Forklift battery not holding charge</description>
        <docstatus>AP</docstatus>
        <isactive>Y</isactive>
        <mp_jobstandar_id>1100003</mp_jobstandar_id>
        <ot_request_type>RV</ot_request_type>
        <priorityrule>7</priorityrule>
        <processed>Y</processed>
        <updated>2026-01-23 08:06:03</updated>
        <ad_org_id>11</ad_org_id>
        <mp_ot_request_uu>e8fd5ed5-3e88-4333-b36a-7a0df2ce9385</mp_ot_request_uu>
    </MP_OT_Request>
    <MP_OT_Request type="table">
        <mp_ot_request_id>1100003</mp_ot_request_id>
        <ad_client_id>11</ad_client_id>
        <documentno>REQ-003</documentno>
        <updatedby>101</updatedby>
        <ad_user_id>101</ad_user_id>
        <a_asset_id>1100002</a_asset_id>
        <created>2026-01-23 08:06:03</created>
        <createdby>101</createdby>
        <datedoc>2026-01-13 08:06:03</datedoc>
        <daterequired>2026-01-20 08:06:03</daterequired>
        <description>Quarterly HVAC filter change</description>
        <docstatus>AP</docstatus>
        <isactive>Y</isactive>
        <mp_jobstandar_id>1100002</mp_jobstandar_id>
        <ot_request_type>RP</ot_request_type>
        <priorityrule>3</priorityrule>
        <processed>Y</processed>
        <updated>2026-01-23 08:06:03</updated>
        <ad_org_id>11</ad_org_id>
        <mp_ot_request_uu>3161a37b-4a14-4b26-9e44-8536190be252</mp_ot_request_uu>
    </MP_OT_Request>
    <MP_OT type="table">
        <mp_ot_id>1100001</mp_ot_id>
        <ad_client_id>11</ad_client_id>
        <documentno>WO-001</documentno>
        <updatedby>101</updatedby>
        <a_asset_id>1100001</a_asset_id>
        <created>2026-01-23 08:06:03</created>
        <createdby>101</createdby>
        <datetrx>2026-01-23 08:06:03</datetrx>
        <description>Oil change for Truck #1</description>
        <docaction>CO</docaction>
        <docstatus>DR</docstatus>
        <isactive>Y</isactive>
        <mp_maintain_id>1100001</mp_maintain_id>
        <processed>N</processed>
        <updated>2026-01-23 08:06:03</updated>
        <ad_org_id>11</ad_org_id>
        <mp_jobstandar_id>1100001</mp_jobstandar_id>
        <mp_ot_uu>c4d6d6c8-88d1-40a6-91f2-94fec384e62c</mp_ot_uu>
    </MP_OT>
    <MP_OT type="table">
        <mp_ot_id>1100002</mp_ot_id>
        <ad_client_id>11</ad_client_id>
        <documentno>WO-002</documentno>
        <updatedby>101</updatedby>
        <a_asset_id>1100003</a_asset_id>
        <created>2026-01-23 08:06:03</created>
        <createdby>101</createdby>
        <datetrx>2026-01-22 08:06:03</datetrx>
        <description>Battery service Forklift #1</description>
        <docaction>CO</docaction>
        <docstatus>IP</docstatus>
        <isactive>Y</isactive>
        <mp_maintain_id>1100003</mp_maintain_id>
        <processed>N</processed>
        <updated>2026-01-23 08:06:03</updated>
        <ad_org_id>11</ad_org_id>
        <mp_jobstandar_id>1100003</mp_jobstandar_id>
        <mp_ot_uu>2c4ec041-cb72-49ce-89c4-a7a53317e165</mp_ot_uu>
    </MP_OT>
    <MP_OT type="table">
        <mp_ot_id>1100003</mp_ot_id>
        <ad_client_id>11</ad_client_id>
        <documentno>WO-003</documentno>
        <updatedby>101</updatedby>
        <a_asset_id>1100002</a_asset_id>
        <created>2026-01-23 08:06:03</created>
        <createdby>101</createdby>
        <datetrx>2026-01-18 08:06:03</datetrx>
        <description>HVAC filter completed</description>
        <docaction>--</docaction>
        <docstatus>CO</docstatus>
        <isactive>Y</isactive>
        <mp_maintain_id>1100002</mp_maintain_id>
        <processed>Y</processed>
        <updated>2026-01-23 08:06:03</updated>
        <ad_org_id>11</ad_org_id>
        <mp_jobstandar_id>1100002</mp_jobstandar_id>
        <mp_ot_uu>60ed4062-3199-4ca0-9cbe-b39f2b0e097a</mp_ot_uu>
    </MP_OT>
    <MP_OT_Task type="table">
        <mp_ot_task_id>1100001</mp_ot_task_id>
        <ad_client_id>11</ad_client_id>
        <description>Drain old oil</description>
        <updatedby>101</updatedby>
        <c_uom_id>101</c_uom_id>
        <created>2026-01-23 08:06:03</created>
        <createdby>101</createdby>
        <duration>0.5</duration>
        <isactive>Y</isactive>
        <mp_ot_id>1100001</mp_ot_id>
        <processed>N</processed>
        <status>NS</status>
        <updated>2026-01-23 08:06:03</updated>
        <ad_org_id>11</ad_org_id>
        <mp_ot_task_uu>8e00a392-56f7-4b3d-b3ff-e351798e9572</mp_ot_task_uu>
    </MP_OT_Task>
    <MP_OT_Task type="table">
        <mp_ot_task_id>1100002</mp_ot_task_id>
        <ad_client_id>11</ad_client_id>
        <description>Replace filter</description>
        <updatedby>101</updatedby>
        <c_uom_id>101</c_uom_id>
        <created>2026-01-23 08:06:03</created>
        <createdby>101</createdby>
        <duration>0.25</duration>
        <isactive>Y</isactive>
        <mp_ot_id>1100001</mp_ot_id>
        <processed>N</processed>
        <status>NS</status>
        <updated>2026-01-23 08:06:03</updated>
        <ad_org_id>11</ad_org_id>
        <mp_ot_task_uu>932e8811-03b8-46de-8328-9e307cfe5736</mp_ot_task_uu>
    </MP_OT_Task>
    <MP_OT_Task type="table">
        <mp_ot_task_id>1100003</mp_ot_task_id>
        <ad_client_id>11</ad_client_id>
        <description>Add new oil</description>
        <updatedby>101</updatedby>
        <c_uom_id>101</c_uom_id>
        <created>2026-01-23 08:06:03</created>
        <createdby>101</createdby>
        <duration>0.25</duration>
        <isactive>Y</isactive>
        <mp_ot_id>1100001</mp_ot_id>
        <processed>N</processed>
        <status>NS</status>
        <updated>2026-01-23 08:06:03</updated>
        <ad_org_id>11</ad_org_id>
        <mp_ot_task_uu>632cad35-6146-4465-82c8-62e85bacac38</mp_ot_task_uu>
    </MP_OT_Task>
    <MP_OT_Task type="table">
        <mp_ot_task_id>1100004</mp_ot_task_id>
        <ad_client_id>11</ad_client_id>
        <description>Safety check</description>
        <updatedby>101</updatedby>
        <c_uom_id>101</c_uom_id>
        <created>2026-01-23 08:06:03</created>
        <createdby>101</createdby>
        <duration>0.1</duration>
        <isactive>Y</isactive>
        <mp_ot_id>1100002</mp_ot_id>
        <processed>N</processed>
        <status>CO</status>
        <updated>2026-01-23 08:06:03</updated>
        <ad_org_id>11</ad_org_id>
        <mp_ot_task_uu>d4526fe1-feab-4f13-ac38-a9a61715c030</mp_ot_task_uu>
    </MP_OT_Task>
    <MP_OT_Task type="table">
        <mp_ot_task_id>1100005</mp_ot_task_id>
        <ad_client_id>11</ad_client_id>
        <description>Check water level</description>
        <updatedby>101</updatedby>
        <c_uom_id>101</c_uom_id>
        <created>2026-01-23 08:06:03</created>
        <createdby>101</createdby>
        <duration>0.25</duration>
        <isactive>Y</isactive>
        <mp_ot_id>1100002</mp_ot_id>
        <processed>N</processed>
        <status>CO</status>
        <updated>2026-01-23 08:06:03</updated>
        <ad_org_id>11</ad_org_id>
        <mp_ot_task_uu>87f7a59e-8032-48ba-a419-cdb02b09b2af</mp_ot_task_uu>
    </MP_OT_Task>
    <MP_OT_Task type="table">
        <mp_ot_task_id>1100006</mp_ot_task_id>
        <ad_client_id>11</ad_client_id>
        <description>Add water</description>
        <updatedby>101</updatedby>
        <c_uom_id>101</c_uom_id>
        <created>2026-01-23 08:06:03</created>
        <createdby>101</createdby>
        <duration>0.25</duration>
        <isactive>Y</isactive>
        <mp_ot_id>1100002</mp_ot_id>
        <processed>N</processed>
        <status>IP</status>
        <updated>2026-01-23 08:06:03</updated>
        <ad_org_id>11</ad_org_id>
        <mp_ot_task_uu>965e238b-5d7a-4399-aee0-eab53770b128</mp_ot_task_uu>
    </MP_OT_Task>
    <MP_OT_Task type="table">
        <mp_ot_task_id>1100007</mp_ot_task_id>
        <ad_client_id>11</ad_client_id>
        <description>Clean terminals</description>
        <updatedby>101</updatedby>
        <c_uom_id>101</c_uom_id>
        <created>2026-01-23 08:06:03</created>
        <createdby>101</createdby>
        <duration>0.25</duration>
        <isactive>Y</isactive>
        <mp_ot_id>1100002</mp_ot_id>
        <processed>N</processed>
        <status>NS</status>
        <updated>2026-01-23 08:06:03</updated>
        <ad_org_id>11</ad_org_id>
        <mp_ot_task_uu>73b44a65-c802-403b-ba8a-fcd7c5b95039</mp_ot_task_uu>
    </MP_OT_Task>
    <MP_OT_Task type="table">
        <mp_ot_task_id>1100008</mp_ot_task_id>
        <ad_client_id>11</ad_client_id>
        <description>Test voltage</description>
        <updatedby>101</updatedby>
        <c_uom_id>101</c_uom_id>
        <created>2026-01-23 08:06:03</created>
        <createdby>101</createdby>
        <duration>0.25</duration>
        <isactive>Y</isactive>
        <mp_ot_id>1100002</mp_ot_id>
        <processed>N</processed>
        <status>NS</status>
        <updated>2026-01-23 08:06:03</updated>
        <ad_org_id>11</ad_org_id>
        <mp_ot_task_uu>bf3b90a3-750f-41ab-9173-063afde03114</mp_ot_task_uu>
    </MP_OT_Task>
    <MP_OT_Task type="table">
        <mp_ot_task_id>1100009</mp_ot_task_id>
        <ad_client_id>11</ad_client_id>
        <description>Turn off unit</description>
        <updatedby>101</updatedby>
        <c_uom_id>101</c_uom_id>
        <created>2026-01-23 08:06:03</created>
        <createdby>101</createdby>
        <duration>0.1</duration>
        <isactive>Y</isactive>
        <mp_ot_id>1100003</mp_ot_id>
        <processed>Y</processed>
        <status>CO</status>
        <updated>2026-01-23 08:06:03</updated>
        <ad_org_id>11</ad_org_id>
        <mp_ot_task_uu>9dab7ba9-f2fd-4415-a4e8-7f90aeca5161</mp_ot_task_uu>
    </MP_OT_Task>
    <MP_OT_Task type="table">
        <mp_ot_task_id>1100010</mp_ot_task_id>
        <ad_client_id>11</ad_client_id>
        <description>Remove filter</description>
        <updatedby>101</updatedby>
        <c_uom_id>101</c_uom_id>
        <created>2026-01-23 08:06:03</created>
        <createdby>101</createdby>
        <duration>0.25</duration>
        <isactive>Y</isactive>
        <mp_ot_id>1100003</mp_ot_id>
        <processed>Y</processed>
        <status>CO</status>
        <updated>2026-01-23 08:06:03</updated>
        <ad_org_id>11</ad_org_id>
        <mp_ot_task_uu>aeec23cb-b569-45c5-95cb-b7706b83f145</mp_ot_task_uu>
    </MP_OT_Task>
    <MP_OT_Task type="table">
        <mp_ot_task_id>1100011</mp_ot_task_id>
        <ad_client_id>11</ad_client_id>
        <description>Install filter</description>
        <updatedby>101</updatedby>
        <c_uom_id>101</c_uom_id>
        <created>2026-01-23 08:06:03</created>
        <createdby>101</createdby>
        <duration>0.25</duration>
        <isactive>Y</isactive>
        <mp_ot_id>1100003</mp_ot_id>
        <processed>Y</processed>
        <status>CO</status>
        <updated>2026-01-23 08:06:03</updated>
        <ad_org_id>11</ad_org_id>
        <mp_ot_task_uu>c80679db-4c0a-40d5-9c69-1fc80b702cca</mp_ot_task_uu>
    </MP_OT_Task>
    <MP_OT_Task type="table">
        <mp_ot_task_id>1100012</mp_ot_task_id>
        <ad_client_id>11</ad_client_id>
        <description>Test system</description>
        <updatedby>101</updatedby>
        <c_uom_id>101</c_uom_id>
        <created>2026-01-23 08:06:03</created>
        <createdby>101</createdby>
        <duration>0.25</duration>
        <isactive>Y</isactive>
        <mp_ot_id>1100003</mp_ot_id>
        <processed>Y</processed>
        <status>CO</status>
        <updated>2026-01-23 08:06:03</updated>
        <ad_org_id>11</ad_org_id>
        <mp_ot_task_uu>1c5f81b2-acb0-4e40-b7dc-95a59340080e</mp_ot_task_uu>
    </MP_OT_Task>
    <MP_OT_Resource type="table">
        <mp_ot_resource_id>1100001</mp_ot_resource_id>
        <ad_client_id>11</ad_client_id>
        <updatedby>101</updatedby>
        <costamt>15.00</costamt>
        <created>2026-01-23 08:06:03</created>
        <createdby>101</createdby>
        <isactive>Y</isactive>
        <mp_ot_task_id>1100002</mp_ot_task_id>
        <processed>N</processed>
        <resourceqty>1</resourceqty>
        <resourcetype>RR</resourcetype>
        <updated>2026-01-23 08:06:03</updated>
        <ad_org_id>11</ad_org_id>
        <mp_ot_resource_uu>31fe0ddb-e985-4fc0-97bd-cfa1cea19cd6</mp_ot_resource_uu>
    </MP_OT_Resource>
    <MP_OT_Resource type="table">
        <mp_ot_resource_id>1100002</mp_ot_resource_id>
        <ad_client_id>11</ad_client_id>
        <updatedby>101</updatedby>
        <costamt>45.00</costamt>
        <created>2026-01-23 08:06:03</created>
        <createdby>101</createdby>
        <isactive>Y</isactive>
        <mp_ot_task_id>1100003</mp_ot_task_id>
        <processed>N</processed>
        <resourceqty>5</resourceqty>
        <resourcetype>RR</resourcetype>
        <updated>2026-01-23 08:06:03</updated>
        <ad_org_id>11</ad_org_id>
        <mp_ot_resource_uu>4bb07b23-ebb2-4b16-8bb9-443b65db22fe</mp_ot_resource_uu>
    </MP_OT_Resource>
    <MP_OT_Resource type="table">
        <mp_ot_resource_id>1100003</mp_ot_resource_id>
        <ad_client_id>11</ad_client_id>
        <updatedby>101</updatedby>
        <costamt>8.00</costamt>
        <created>2026-01-23 08:06:03</created>
        <createdby>101</createdby>
        <isactive>Y</isactive>
        <mp_ot_task_id>1100006</mp_ot_task_id>
        <processed>N</processed>
        <resourceqty>2</resourceqty>
        <resourcetype>RR</resourcetype>
        <updated>2026-01-23 08:06:03</updated>
        <ad_org_id>11</ad_org_id>
        <mp_ot_resource_uu>2cba7a44-63ec-4f41-ab71-57f04743a090</mp_ot_resource_uu>
    </MP_OT_Resource>
    <MP_OT_Resource type="table">
        <mp_ot_resource_id>1100004</mp_ot_resource_id>
        <ad_client_id>11</ad_client_id>
        <updatedby>101</updatedby>
        <costamt>12.00</costamt>
        <created>2026-01-23 08:06:03</created>
        <createdby>101</createdby>
        <isactive>Y</isactive>
        <mp_ot_task_id>1100007</mp_ot_task_id>
        <processed>N</processed>
        <resourceqty>1</resourceqty>
        <resourcetype>TT</resourcetype>
        <updated>2026-01-23 08:06:03</updated>
        <ad_org_id>11</ad_org_id>
        <mp_ot_resource_uu>84577a11-21f8-4c86-b07a-3613a209a788</mp_ot_resource_uu>
    </MP_OT_Resource>
    <MP_OT_Resource type="table">
        <mp_ot_resource_id>1100005</mp_ot_resource_id>
        <ad_client_id>11</ad_client_id>
        <updatedby>101</updatedby>
        <costamt>35.00</costamt>
        <created>2026-01-23 08:06:03</created>
        <createdby>101</createdby>
        <isactive>Y</isactive>
        <mp_ot_task_id>1100011</mp_ot_task_id>
        <processed>Y</processed>
        <resourceqty>1</resourceqty>
        <resourcetype>RR</resourcetype>
        <updated>2026-01-23 08:06:03</updated>
        <ad_org_id>11</ad_org_id>
        <mp_ot_resource_uu>4fb7c257-8b39-490c-a819-744e2d8bddfe</mp_ot_resource_uu>
    </MP_OT_Resource>
</idempiere>
