<?xml version="1.0" encoding="UTF-8"?>
<idempiere Name="GardenWorldSample" Version="1.0.1" Description="Sample data export" Author="red1" AuthorEmail="red1@red1.org" CreatedDate="2026-01-25 10:29:14" UpdatedDate="2026-01-25 10:29:14" PackOutVersion="100" Client="11-GardenWorld">
    <SQLStatement type="custom">
        <DBType>ALL</DBType>
        <statement><![CDATA[INSERT INTO mp_meter (mp_meter_id, ad_client_id, ad_org_id, created, createdby, updated, updatedby, isactive, name, maxday, mp_meter_uu) VALUES (1100001, 11, 11, NOW(), 101, NOW(), 101, 'Y', 'Kilometers', 30, uuid_generate_v4()), (1100002, 11, 11, NOW(), 101, NOW(), 101, 'Y', 'Operating Hours', 7, uuid_generate_v4()), (1100003, 11, 11, NOW(), 101, NOW(), 101, 'Y', 'Calendar Days', null, uuid_generate_v4());]]></statement>
    </SQLStatement>
    <SQLStatement type="custom">
        <DBType>ALL</DBType>
        <statement><![CDATA[INSERT INTO mp_jobstandar (mp_jobstandar_id, ad_client_id, ad_org_id, created, createdby, updated, updatedby, isactive, name, jobstandartype, maintainarea, a_asset_group_id, mp_jobstandar_uu) VALUES (1100001, 11, 11, NOW(), 101, NOW(), 101, 'Y', 'Vehicle Oil Change', 'AA', 'ME', 50003, uuid_generate_v4()), (1100002, 11, 11, NOW(), 101, NOW(), 101, 'Y', 'HVAC Filter Replacement', 'AA', 'ME', 50003, uuid_generate_v4()), (1100003, 11, 11, NOW(), 101, NOW(), 101, 'Y', 'Forklift Battery Service', 'AA', 'EL', 50003, uuid_generate_v4());]]></statement>
    </SQLStatement>
    <SQLStatement type="custom">
        <DBType>ALL</DBType>
        <statement><![CDATA[INSERT INTO mp_jobstandar_task (mp_jobstandar_task_id, ad_client_id, ad_org_id, created, createdby, updated, updatedby, isactive, mp_jobstandar_id, description, duration, c_uom_id, mp_jobstandar_task_uu) VALUES (1100001, 11, 11, NOW(), 101, NOW(), 101, 'Y', 1100001, 'Drain old oil completely', 0.5, 101, uuid_generate_v4()), (1100002, 11, 11, NOW(), 101, NOW(), 101, 'Y', 1100001, 'Replace oil filter', 0.25, 101, uuid_generate_v4()), (1100003, 11, 11, NOW(), 101, NOW(), 101, 'Y', 1100001, 'Add 5L synthetic oil', 0.25, 101, uuid_generate_v4()), (1100004, 11, 11, NOW(), 101, NOW(), 101, 'Y', 1100002, 'Turn off HVAC system', 0.1, 101, uuid_generate_v4()), (1100005, 11, 11, NOW(), 101, NOW(), 101, 'Y', 1100002, 'Remove old filter', 0.25, 101, uuid_generate_v4()), (1100006, 11, 11, NOW(), 101, NOW(), 101, 'Y', 1100002, 'Install new filter', 0.25, 101, uuid_generate_v4()), (1100007, 11, 11, NOW(), 101, NOW(), 101, 'Y', 1100002, 'Test system operation', 0.25, 101, uuid_generate_v4()), (1100008, 11, 11, NOW(), 101, NOW(), 101, 'Y', 1100003, 'Safety check - power off', 0.1, 101, uuid_generate_v4()), (1100009, 11, 11, NOW(), 101, NOW(), 101, 'Y', 1100003, 'Check water level', 0.25, 101, uuid_generate_v4()), (1100010, 11, 11, NOW(), 101, NOW(), 101, 'Y', 1100003, 'Add distilled water', 0.25, 101, uuid_generate_v4()), (1100011, 11, 11, NOW(), 101, NOW(), 101, 'Y', 1100003, 'Clean terminals', 0.25, 101, uuid_generate_v4()), (1100012, 11, 11, NOW(), 101, NOW(), 101, 'Y', 1100003, 'Test voltage', 0.25, 101, uuid_generate_v4());]]></statement>
    </SQLStatement>
    <SQLStatement type="custom">
        <DBType>ALL</DBType>
        <statement><![CDATA[INSERT INTO a_asset (a_asset_id, ad_client_id, ad_org_id, created, createdby, updated, updatedby, isactive, value, name, description, a_asset_group_id, m_product_id, assetservicedate, isowned, isdepreciated, isfullydepreciated, a_asset_uu) VALUES (1100001, 11, 11, NOW(), 101, NOW(), 101, 'Y', 'VH-001', 'Delivery Truck #1', 'Ford F-150 for local deliveries', 50003, 200001, '2024-01-15', 'Y', 'N', 'N', uuid_generate_v4()), (1100002, 11, 11, NOW(), 101, NOW(), 101, 'Y', 'HVAC-001', 'Office HVAC Unit #1', 'Main office air conditioning', 50003, 200002, '2023-06-01', 'Y', 'N', 'N', uuid_generate_v4()), (1100003, 11, 11, NOW(), 101, NOW(), 101, 'Y', 'FL-001', 'Forklift #1', 'Toyota electric forklift 2-ton', 50003, 200001, '2023-03-01', 'Y', 'N', 'N', uuid_generate_v4());]]></statement>
    </SQLStatement>
    <SQLStatement type="custom">
        <DBType>ALL</DBType>
        <statement><![CDATA[INSERT INTO mp_assetmeter (mp_assetmeter_id, ad_client_id, ad_org_id, created, createdby, updated, updatedby, isactive, a_asset_id, mp_meter_id, value, name, amt, datetrx, mp_assetmeter_uu) VALUES (1100001, 11, 11, NOW(), 101, NOW(), 101, 'Y', 1100001, 1100001, 'VH001-KM', 'Truck Odometer', 45000, NOW(), uuid_generate_v4()), (1100002, 11, 11, NOW(), 101, NOW(), 101, 'Y', 1100002, 1100003, 'HVAC001-DAYS', 'HVAC Tracker', 0, NOW(), uuid_generate_v4()), (1100003, 11, 11, NOW(), 101, NOW(), 101, 'Y', 1100003, 1100002, 'FL001-HRS', 'Forklift Hours', 1200, NOW(), uuid_generate_v4());]]></statement>
    </SQLStatement>
    <SQLStatement type="custom">
        <DBType>ALL</DBType>
        <statement><![CDATA[INSERT INTO mp_maintain (mp_maintain_id, ad_client_id, ad_org_id, created, createdby, updated, updatedby, isactive, documentno, a_asset_id, mp_jobstandar_id, mp_meter_id, programmingtype, interval, lastmp, nextmp, currentmp, promuse, range, datelastrun, datenextrun, docstatus, ischild, mp_maintain_uu) VALUES (1100001, 11, 11, NOW(), 101, NOW(), 101, 'Y', 'MP-001', 1100001, 1100001, 1100001, 'M', 5000, 40000, 45000, 45000, 500, 1000, '2024-11-01', null, 'AT', 'N', uuid_generate_v4()), (1100002, 11, 11, NOW(), 101, NOW(), 101, 'Y', 'MP-002', 1100002, 1100002, null, 'C', 90, null, null, null, null, null, NOW() - INTERVAL '85 days', NOW() + INTERVAL '5 days', 'AT', 'N', uuid_generate_v4()), (1100003, 11, 11, NOW(), 101, NOW(), 101, 'Y', 'MP-003', 1100003, 1100003, 1100002, 'M', 250, 1000, 1250, 1200, 25, 50, '2024-10-15', null, 'AT', 'N', uuid_generate_v4());]]></statement>
    </SQLStatement>
    <SQLStatement type="custom">
        <DBType>ALL</DBType>
        <statement><![CDATA[INSERT INTO mp_maintain_task (mp_maintain_task_id, ad_client_id, ad_org_id, created, createdby, updated, updatedby, isactive, mp_maintain_id, description, duration, c_uom_id, mp_maintain_task_uu) VALUES (1100001, 11, 11, NOW(), 101, NOW(), 101, 'Y', 1100001, 'Drain old oil completely', 0.5, 101, uuid_generate_v4()), (1100002, 11, 11, NOW(), 101, NOW(), 101, 'Y', 1100001, 'Replace oil filter', 0.25, 101, uuid_generate_v4()), (1100003, 11, 11, NOW(), 101, NOW(), 101, 'Y', 1100001, 'Add 5L synthetic oil', 0.25, 101, uuid_generate_v4()), (1100004, 11, 11, NOW(), 101, NOW(), 101, 'Y', 1100002, 'Turn off HVAC system', 0.1, 101, uuid_generate_v4()), (1100005, 11, 11, NOW(), 101, NOW(), 101, 'Y', 1100002, 'Remove old filter', 0.25, 101, uuid_generate_v4()), (1100006, 11, 11, NOW(), 101, NOW(), 101, 'Y', 1100002, 'Install new filter', 0.25, 101, uuid_generate_v4()), (1100007, 11, 11, NOW(), 101, NOW(), 101, 'Y', 1100002, 'Test system operation', 0.25, 101, uuid_generate_v4()), (1100008, 11, 11, NOW(), 101, NOW(), 101, 'Y', 1100003, 'Safety check - power off', 0.1, 101, uuid_generate_v4()), (1100009, 11, 11, NOW(), 101, NOW(), 101, 'Y', 1100003, 'Check water level', 0.25, 101, uuid_generate_v4()), (1100010, 11, 11, NOW(), 101, NOW(), 101, 'Y', 1100003, 'Add distilled water', 0.25, 101, uuid_generate_v4()), (1100011, 11, 11, NOW(), 101, NOW(), 101, 'Y', 1100003, 'Clean terminals', 0.25, 101, uuid_generate_v4()), (1100012, 11, 11, NOW(), 101, NOW(), 101, 'Y', 1100003, 'Test voltage', 0.25, 101, uuid_generate_v4());]]></statement>
    </SQLStatement>
    <SQLStatement type="custom">
        <DBType>ALL</DBType>
        <statement><![CDATA[INSERT INTO mp_assetmeter_log (mp_assetmeter_log_id, ad_client_id, ad_org_id, created, createdby, updated, updatedby, isactive, mp_assetmeter_id, amt, datetrx, description, mp_assetmeter_log_uu) VALUES (1100001, 11, 11, NOW(), 101, NOW(), 101, 'Y', 1100001, 44200, NOW() - INTERVAL '21 days', 'Weekly reading', uuid_generate_v4()), (1100002, 11, 11, NOW(), 101, NOW(), 101, 'Y', 1100001, 44500, NOW() - INTERVAL '14 days', 'Weekly reading', uuid_generate_v4()), (1100003, 11, 11, NOW(), 101, NOW(), 101, 'Y', 1100001, 44800, NOW() - INTERVAL '7 days', 'Weekly reading', uuid_generate_v4()), (1100004, 11, 11, NOW(), 101, NOW(), 101, 'Y', 1100001, 45000, NOW(), 'Maintenance due!', uuid_generate_v4()), (1100005, 11, 11, NOW(), 101, NOW(), 101, 'Y', 1100003, 1150, NOW() - INTERVAL '10 days', 'Daily reading', uuid_generate_v4()), (1100006, 11, 11, NOW(), 101, NOW(), 101, 'Y', 1100003, 1175, NOW() - INTERVAL '5 days', 'Daily reading', uuid_generate_v4()), (1100007, 11, 11, NOW(), 101, NOW(), 101, 'Y', 1100003, 1200, NOW(), 'Approaching maintenance', uuid_generate_v4());]]></statement>
    </SQLStatement>
    <SQLStatement type="custom">
        <DBType>ALL</DBType>
        <statement><![CDATA[INSERT INTO mp_ot_request (mp_ot_request_id, ad_client_id, ad_org_id, created, createdby, updated, updatedby, isactive, documentno, a_asset_id, mp_jobstandar_id, ad_user_id, datedoc, daterequired, description, priorityrule, ot_request_type, docstatus, processed, mp_ot_request_uu) VALUES (1100001, 11, 11, NOW(), 101, NOW(), 101, 'Y', 'REQ-001', 1100001, 1100001, 101, NOW() - INTERVAL '2 days', NOW() + INTERVAL '5 days', 'Truck oil warning light on', '5', 'RP', 'WC', 'Y', uuid_generate_v4()), (1100002, 11, 11, NOW(), 101, NOW(), 101, 'Y', 'REQ-002', 1100003, 1100003, 101, NOW() - INTERVAL '5 days', NOW() + INTERVAL '2 days', 'Forklift battery not holding charge', '7', 'RV', 'AP', 'Y', uuid_generate_v4()), (1100003, 11, 11, NOW(), 101, NOW(), 101, 'Y', 'REQ-003', 1100002, 1100002, 101, NOW() - INTERVAL '10 days', NOW() - INTERVAL '3 days', 'Quarterly HVAC filter change', '3', 'RP', 'AP', 'Y', uuid_generate_v4());]]></statement>
    </SQLStatement>
    <SQLStatement type="custom">
        <DBType>ALL</DBType>
        <statement><![CDATA[INSERT INTO mp_ot (mp_ot_id, ad_client_id, ad_org_id, created, createdby, updated, updatedby, isactive, documentno, a_asset_id, mp_maintain_id, mp_jobstandar_id, c_doctype_id, datetrx, description, docstatus, docaction, processed, mp_ot_uu) VALUES (1100001, 11, 11, NOW(), 101, NOW(), 101, 'Y', 'WO-001', 1100001, 1100001, 1100001, 50010, NOW(), 'Oil change for Truck #1', 'DR', 'CO', 'N', uuid_generate_v4()), (1100002, 11, 11, NOW(), 101, NOW(), 101, 'Y', 'WO-002', 1100003, 1100003, 1100003, 50010, NOW() - INTERVAL '1 day', 'Battery service Forklift #1', 'IP', 'CO', 'N', uuid_generate_v4()), (1100003, 11, 11, NOW(), 101, NOW(), 101, 'Y', 'WO-003', 1100002, 1100002, 1100002, 50010, NOW() - INTERVAL '5 days', 'HVAC filter completed', 'CO', '--', 'Y', uuid_generate_v4());]]></statement>
    </SQLStatement>
    <SQLStatement type="custom">
        <DBType>ALL</DBType>
        <statement><![CDATA[INSERT INTO mp_ot_task (mp_ot_task_id, ad_client_id, ad_org_id, created, createdby, updated, updatedby, isactive, mp_ot_id, description, duration, c_uom_id, status, processed, mp_ot_task_uu) VALUES (1100001, 11, 11, NOW(), 101, NOW(), 101, 'Y', 1100001, 'Drain old oil', 0.5, 101, 'NS', 'N', uuid_generate_v4()), (1100002, 11, 11, NOW(), 101, NOW(), 101, 'Y', 1100001, 'Replace filter', 0.25, 101, 'NS', 'N', uuid_generate_v4()), (1100003, 11, 11, NOW(), 101, NOW(), 101, 'Y', 1100001, 'Add new oil', 0.25, 101, 'NS', 'N', uuid_generate_v4()), (1100004, 11, 11, NOW(), 101, NOW(), 101, 'Y', 1100002, 'Safety check', 0.1, 101, 'CO', 'N', uuid_generate_v4()), (1100005, 11, 11, NOW(), 101, NOW(), 101, 'Y', 1100002, 'Check water level', 0.25, 101, 'CO', 'N', uuid_generate_v4()), (1100006, 11, 11, NOW(), 101, NOW(), 101, 'Y', 1100002, 'Add water', 0.25, 101, 'IP', 'N', uuid_generate_v4()), (1100007, 11, 11, NOW(), 101, NOW(), 101, 'Y', 1100002, 'Clean terminals', 0.25, 101, 'NS', 'N', uuid_generate_v4()), (1100008, 11, 11, NOW(), 101, NOW(), 101, 'Y', 1100002, 'Test voltage', 0.25, 101, 'NS', 'N', uuid_generate_v4()), (1100009, 11, 11, NOW(), 101, NOW(), 101, 'Y', 1100003, 'Turn off unit', 0.1, 101, 'CO', 'Y', uuid_generate_v4()), (1100010, 11, 11, NOW(), 101, NOW(), 101, 'Y', 1100003, 'Remove filter', 0.25, 101, 'CO', 'Y', uuid_generate_v4()), (1100011, 11, 11, NOW(), 101, NOW(), 101, 'Y', 1100003, 'Install filter', 0.25, 101, 'CO', 'Y', uuid_generate_v4()), (1100012, 11, 11, NOW(), 101, NOW(), 101, 'Y', 1100003, 'Test system', 0.25, 101, 'CO', 'Y', uuid_generate_v4());]]></statement>
    </SQLStatement>
    <SQLStatement type="custom">
        <DBType>ALL</DBType>
        <statement><![CDATA[INSERT INTO mp_ot_resource (mp_ot_resource_id, ad_client_id, ad_org_id, created, createdby, updated, updatedby, isactive, mp_ot_task_id, resourcetype, resourceqty, costamt, processed, mp_ot_resource_uu) VALUES (1100001, 11, 11, NOW(), 101, NOW(), 101, 'Y', 1100002, 'RR', 1, 15.00, 'N', uuid_generate_v4()), (1100002, 11, 11, NOW(), 101, NOW(), 101, 'Y', 1100003, 'RR', 5, 45.00, 'N', uuid_generate_v4()), (1100003, 11, 11, NOW(), 101, NOW(), 101, 'Y', 1100006, 'RR', 2, 8.00, 'N', uuid_generate_v4()), (1100004, 11, 11, NOW(), 101, NOW(), 101, 'Y', 1100007, 'TT', 1, 12.00, 'N', uuid_generate_v4()), (1100005, 11, 11, NOW(), 101, NOW(), 101, 'Y', 1100011, 'RR', 1, 35.00, 'Y', uuid_generate_v4());]]></statement>
    </SQLStatement>
</idempiere>
